date,序,持股/單位數分級,人數,股數/單位數,占集保庫存數比例 (%),stock_id
20260313,1,1-999,"47,267","3,109,617",0.52,1785
20260313,2,"1,000-5,000","33,186","63,915,337",10.72,1785
20260313,3,"5,001-10,000","3,977","31,057,348",5.21,1785
20260313,4,"10,001-15,000","1,235","15,714,411",2.63,1785
20260313,5,"15,001-20,000",785,"14,501,123",2.43,1785
20260313,6,"20,001-30,000",698,"17,616,369",2.95,1785
20260313,7,"30,001-40,000",311,"11,168,726",1.87,1785
20260313,8,"40,001-50,000",213,"9,778,477",1.64,1785
20260313,9,"50,001-100,000",396,"28,111,498",4.71,1785
20260313,10,"100,001-200,000",197,"27,190,845",4.56,1785
20260313,11,"200,001-400,000",93,"26,264,084",4.40,1785
20260313,12,"400,001-600,000",29,"14,977,160",2.51,1785
20260313,13,"600,001-800,000",20,"14,153,803",2.37,1785
20260313,14,"800,001-1,000,000",13,"11,890,912",1.99,1785
20260313,15,"1,000,001以上",64,"306,572,533",51.43,1785
20260313,16,差異數調整（說明4）,,"-20,000",-0.00,1785
20260313,17,合　計,"88,484","596,002,243",100.00,1785
20260306,1,1-999,"46,358","3,247,732",0.54,1785
20260306,2,"1,000-5,000","43,728","85,625,100",14.36,1785
20260306,3,"5,001-10,000","5,330","41,799,891",7.01,1785
20260306,4,"10,001-15,000","1,605","20,410,991",3.42,1785
20260306,5,"15,001-20,000","1,000","18,441,460",3.09,1785
20260306,6,"20,001-30,000",844,"21,379,819",3.58,1785
20260306,7,"30,001-40,000",380,"13,554,207",2.27,1785
20260306,8,"40,001-50,000",252,"11,668,596",1.95,1785
20260306,9,"50,001-100,000",458,"32,686,482",5.48,1785
20260306,10,"100,001-200,000",232,"31,979,469",5.36,1785
20260306,11,"200,001-400,000",103,"28,684,613",4.81,1785
20260306,12,"400,001-600,000",31,"15,849,589",2.65,1785
20260306,13,"600,001-800,000",18,"12,635,637",2.12,1785
20260306,14,"800,001-1,000,000",10,"8,878,213",1.48,1785
20260306,15,"1,000,001以上",58,"249,162,444",41.80,1785
20260306,16,差異數調整（說明4）,,"-2,000",-0.00,1785
20260306,17,合　計,"100,407","596,002,243",100.00,1785
20260226,1,1-999,"45,821","3,242,717",0.54,1785
20260226,2,"1,000-5,000","43,632","85,575,389",14.35,1785
20260226,3,"5,001-10,000","5,389","42,261,435",7.09,1785
20260226,4,"10,001-15,000","1,655","21,060,511",3.53,1785
20260226,5,"15,001-20,000","1,011","18,640,759",3.12,1785
20260226,6,"20,001-30,000",848,"21,516,789",3.61,1785
20260226,7,"30,001-40,000",380,"13,590,459",2.28,1785
20260226,8,"40,001-50,000",254,"11,744,078",1.97,1785
20260226,9,"50,001-100,000",461,"32,663,881",5.48,1785
20260226,10,"100,001-200,000",235,"32,204,451",5.40,1785
20260226,11,"200,001-400,000",105,"29,483,839",4.94,1785
20260226,12,"400,001-600,000",26,"13,300,340",2.23,1785
20260226,13,"600,001-800,000",22,"15,371,447",2.57,1785
20260226,14,"800,001-1,000,000",9,"8,104,403",1.35,1785
20260226,15,"1,000,001以上",56,"247,241,745",41.48,1785
20260226,16,合　計,"99,904","596,002,243",100.00,1785
20260213,1,1-999,"45,752","3,263,243",0.54,1785
20260213,2,"1,000-5,000","44,171","86,688,636",14.54,1785
20260213,3,"5,001-10,000","5,432","42,619,423",7.15,1785
20260213,4,"10,001-15,000","1,662","21,156,240",3.54,1785
20260213,5,"15,001-20,000","1,014","18,689,978",3.13,1785
20260213,6,"20,001-30,000",861,"21,916,917",3.67,1785
20260213,7,"30,001-40,000",383,"13,743,556",2.30,1785
20260213,8,"40,001-50,000",251,"11,608,078",1.94,1785
20260213,9,"50,001-100,000",470,"33,201,108",5.57,1785
20260213,10,"100,001-200,000",230,"31,446,451",5.27,1785
20260213,11,"200,001-400,000",106,"29,480,115",4.94,1785
20260213,12,"400,001-600,000",27,"13,775,340",2.31,1785
20260213,13,"600,001-800,000",21,"14,737,171",2.47,1785
20260213,14,"800,001-1,000,000",10,"9,141,403",1.53,1785
20260213,15,"1,000,001以上",55,"244,534,584",41.02,1785
20260213,16,合　計,"100,445","596,002,243",100.00,1785
20260206,1,1-999,"45,663","3,278,983",0.55,1785
20260206,2,"1,000-5,000","44,419","87,109,454",14.61,1785
20260206,3,"5,001-10,000","5,410","42,441,886",7.12,1785
20260206,4,"10,001-15,000","1,659","21,108,039",3.54,1785
20260206,5,"15,001-20,000","1,023","18,858,349",3.16,1785
20260206,6,"20,001-30,000",843,"21,422,106",3.59,1785
20260206,7,"30,001-40,000",394,"14,075,076",2.36,1785
20260206,8,"40,001-50,000",246,"11,343,948",1.90,1785
20260206,9,"50,001-100,000",465,"32,901,352",5.52,1785
20260206,10,"100,001-200,000",224,"30,496,358",5.11,1785
20260206,11,"200,001-400,000",111,"30,846,115",5.17,1785
20260206,12,"400,001-600,000",25,"12,760,675",2.14,1785
20260206,13,"600,001-800,000",20,"14,025,090",2.35,1785
20260206,14,"800,001-1,000,000",9,"8,134,403",1.36,1785
20260206,15,"1,000,001以上",56,"247,200,409",41.47,1785
20260206,16,合　計,"100,567","596,002,243",100.00,1785
20260130,1,1-999,"45,653","3,280,983",0.55,1785
20260130,2,"1,000-5,000","44,654","87,093,550",14.61,1785
20260130,3,"5,001-10,000","5,308","41,718,703",6.99,1785
20260130,4,"10,001-15,000","1,616","20,539,988",3.44,1785
20260130,5,"15,001-20,000","1,002","18,485,723",3.10,1785
20260130,6,"20,001-30,000",826,"21,037,696",3.52,1785
20260130,7,"30,001-40,000",381,"13,609,898",2.28,1785
20260130,8,"40,001-50,000",249,"11,514,278",1.93,1785
20260130,9,"50,001-100,000",447,"31,595,595",5.30,1785
20260130,10,"100,001-200,000",222,"30,089,531",5.04,1785
20260130,11,"200,001-400,000",110,"30,525,714",5.12,1785
20260130,12,"400,001-600,000",24,"12,282,675",2.06,1785
20260130,13,"600,001-800,000",19,"13,458,737",2.25,1785
20260130,14,"800,001-1,000,000",9,"8,334,057",1.39,1785
20260130,15,"1,000,001以上",56,"252,435,115",42.35,1785
20260130,16,合　計,"100,576","596,002,243",100.00,1785
20260123,1,1-999,"45,661","3,350,596",0.56,1785
20260123,2,"1,000-5,000","46,337","90,505,963",15.18,1785
20260123,3,"5,001-10,000","5,599","44,007,024",7.38,1785
20260123,4,"10,001-15,000","1,673","21,280,982",3.57,1785
20260123,5,"15,001-20,000","1,035","19,071,891",3.19,1785
20260123,6,"20,001-30,000",845,"21,452,327",3.59,1785
20260123,7,"30,001-40,000",396,"14,217,654",2.38,1785
20260123,8,"40,001-50,000",261,"12,084,242",2.02,1785
20260123,9,"50,001-100,000",454,"32,175,428",5.39,1785
20260123,10,"100,001-200,000",219,"29,883,539",5.01,1785
20260123,11,"200,001-400,000",107,"29,781,626",4.99,1785
20260123,12,"400,001-600,000",25,"13,026,675",2.18,1785
20260123,13,"600,001-800,000",15,"10,710,737",1.79,1785
20260123,14,"800,001-1,000,000",10,"9,074,057",1.52,1785
20260123,15,"1,000,001以上",57,"245,379,502",41.17,1785
20260123,16,合　計,"102,694","596,002,243",100.00,1785
20260116,1,1-999,"45,642","3,367,706",0.56,1785
20260116,2,"1,000-5,000","46,910","91,305,572",15.31,1785
20260116,3,"5,001-10,000","5,596","43,997,333",7.38,1785
20260116,4,"10,001-15,000","1,639","20,885,382",3.50,1785
20260116,5,"15,001-20,000","1,013","18,681,861",3.13,1785
20260116,6,"20,001-30,000",832,"21,142,046",3.54,1785
20260116,7,"30,001-40,000",401,"14,351,287",2.40,1785
20260116,8,"40,001-50,000",259,"11,941,728",2.00,1785
20260116,9,"50,001-100,000",466,"32,983,404",5.53,1785
20260116,10,"100,001-200,000",220,"30,007,546",5.03,1785
20260116,11,"200,001-400,000",105,"29,726,312",4.98,1785
20260116,12,"400,001-600,000",22,"11,488,603",1.92,1785
20260116,13,"600,001-800,000",18,"12,739,366",2.13,1785
20260116,14,"800,001-1,000,000",10,"9,455,108",1.58,1785
20260116,15,"1,000,001以上",56,"243,935,989",40.92,1785
20260116,16,差異數調整（說明4）,,"-7,000",-0.00,1785
20260116,17,合　計,"103,189","596,002,243",100.00,1785
20260109,1,1-999,"45,583","3,372,157",0.56,1785
20260109,2,"1,000-5,000","46,542","90,662,280",15.21,1785
20260109,3,"5,001-10,000","5,575","43,808,291",7.35,1785
20260109,4,"10,001-15,000","1,651","20,982,047",3.52,1785
20260109,5,"15,001-20,000","1,031","19,032,369",3.19,1785
20260109,6,"20,001-30,000",823,"20,924,255",3.51,1785
20260109,7,"30,001-40,000",387,"13,852,481",2.32,1785
20260109,8,"40,001-50,000",259,"11,911,523",1.99,1785
20260109,9,"50,001-100,000",456,"32,214,414",5.40,1785
20260109,10,"100,001-200,000",218,"29,684,423",4.98,1785
20260109,11,"200,001-400,000",102,"28,165,906",4.72,1785
20260109,12,"400,001-600,000",26,"13,439,291",2.25,1785
20260109,13,"600,001-800,000",17,"12,171,916",2.04,1785
20260109,14,"800,001-1,000,000",12,"10,966,030",1.83,1785
20260109,15,"1,000,001以上",56,"244,814,860",41.07,1785
20260109,16,合　計,"102,738","596,002,243",100.00,1785
20260102,1,1-999,"45,608","3,352,453",0.56,1785
20260102,2,"1,000-5,000","46,423","89,508,613",15.01,1785
20260102,3,"5,001-10,000","5,287","41,468,987",6.95,1785
20260102,4,"10,001-15,000","1,583","20,137,329",3.37,1785
20260102,5,"15,001-20,000",994,"18,325,304",3.07,1785
20260102,6,"20,001-30,000",802,"20,367,678",3.41,1785
20260102,7,"30,001-40,000",376,"13,481,303",2.26,1785
20260102,8,"40,001-50,000",251,"11,565,373",1.94,1785
20260102,9,"50,001-100,000",436,"30,889,456",5.18,1785
20260102,10,"100,001-200,000",213,"29,263,055",4.90,1785
20260102,11,"200,001-400,000",104,"29,079,532",4.87,1785
20260102,12,"400,001-600,000",25,"12,970,675",2.17,1785
20260102,13,"600,001-800,000",17,"12,284,667",2.06,1785
20260102,14,"800,001-1,000,000",11,"10,328,102",1.73,1785
20260102,15,"1,000,001以上",56,"252,979,716",42.44,1785
20260102,16,合　計,"102,186","596,002,243",100.00,1785
20251226,1,1-999,"44,782","3,161,944",0.53,1785
20251226,2,"1,000-5,000","42,165","81,294,650",13.63,1785
20251226,3,"5,001-10,000","4,907","38,599,969",6.47,1785
20251226,4,"10,001-15,000","1,468","18,596,571",3.12,1785
20251226,5,"15,001-20,000",920,"16,952,904",2.84,1785
20251226,6,"20,001-30,000",761,"19,258,083",3.23,1785
20251226,7,"30,001-40,000",370,"13,229,565",2.21,1785
20251226,8,"40,001-50,000",237,"10,941,032",1.83,1785
20251226,9,"50,001-100,000",421,"29,786,231",4.99,1785
20251226,10,"100,001-200,000",207,"28,198,811",4.73,1785
20251226,11,"200,001-400,000",100,"27,642,283",4.63,1785
20251226,12,"400,001-600,000",27,"14,012,868",2.35,1785
20251226,13,"600,001-800,000",19,"13,710,916",2.30,1785
20251226,14,"800,001-1,000,000",12,"11,125,403",1.86,1785
20251226,15,"1,000,001以上",59,"269,508,013",45.21,1785
20251226,16,差異數調整（說明4）,,"-17,000",-0.00,1785
20251226,17,合　計,"96,455","596,002,243",100.00,1785
20251219,1,1-999,"44,869","3,240,583",0.54,1785
20251219,2,"1,000-5,000","44,974","87,425,123",14.66,1785
20251219,3,"5,001-10,000","5,322","41,780,158",7.01,1785
20251219,4,"10,001-15,000","1,587","20,145,997",3.38,1785
20251219,5,"15,001-20,000",969,"17,842,047",2.99,1785
20251219,6,"20,001-30,000",832,"21,107,021",3.54,1785
20251219,7,"30,001-40,000",384,"13,764,231",2.30,1785
20251219,8,"40,001-50,000",260,"12,018,042",2.01,1785
20251219,9,"50,001-100,000",444,"31,602,282",5.30,1785
20251219,10,"100,001-200,000",216,"29,415,158",4.93,1785
20251219,11,"200,001-400,000",108,"30,832,697",5.17,1785
20251219,12,"400,001-600,000",24,"12,461,675",2.09,1785
20251219,13,"600,001-800,000",20,"14,694,667",2.46,1785
20251219,14,"800,001-1,000,000",12,"11,267,102",1.89,1785
20251219,15,"1,000,001以上",53,"248,416,460",41.68,1785
20251219,16,差異數調整（說明4）,,"-11,000",-0.00,1785
20251219,17,合　計,"100,074","596,002,243",100.00,1785
20251212,1,1-999,"44,644","3,227,724",0.54,1785
20251212,2,"1,000-5,000","45,230","88,079,038",14.77,1785
20251212,3,"5,001-10,000","5,323","41,721,263",7.00,1785
20251212,4,"10,001-15,000","1,605","20,335,535",3.41,1785
20251212,5,"15,001-20,000",993,"18,284,197",3.06,1785
20251212,6,"20,001-30,000",836,"21,227,831",3.56,1785
20251212,7,"30,001-40,000",403,"14,451,007",2.42,1785
20251212,8,"40,001-50,000",251,"11,620,170",1.94,1785
20251212,9,"50,001-100,000",439,"30,976,303",5.19,1785
20251212,10,"100,001-200,000",221,"30,278,324",5.08,1785
20251212,11,"200,001-400,000",103,"28,996,620",4.86,1785
20251212,12,"400,001-600,000",25,"12,522,675",2.10,1785
20251212,13,"600,001-800,000",18,"13,106,667",2.19,1785
20251212,14,"800,001-1,000,000",12,"11,133,102",1.86,1785
20251212,15,"1,000,001以上",58,"250,041,787",41.95,1785
20251212,16,合　計,"100,161","596,002,243",100.00,1785
20251205,1,1-999,"44,731","3,299,017",0.55,1785
20251205,2,"1,000-5,000","47,400","92,896,572",15.58,1785
20251205,3,"5,001-10,000","5,703","44,577,019",7.47,1785
20251205,4,"10,001-15,000","1,739","22,000,731",3.69,1785
20251205,5,"15,001-20,000","1,055","19,401,258",3.25,1785
20251205,6,"20,001-30,000",872,"22,164,900",3.71,1785
20251205,7,"30,001-40,000",428,"15,298,612",2.56,1785
20251205,8,"40,001-50,000",267,"12,403,884",2.08,1785
20251205,9,"50,001-100,000",452,"31,711,486",5.32,1785
20251205,10,"100,001-200,000",226,"30,786,407",5.16,1785
20251205,11,"200,001-400,000",110,"31,093,491",5.21,1785
20251205,12,"400,001-600,000",23,"11,762,675",1.97,1785
20251205,13,"600,001-800,000",20,"14,645,283",2.45,1785
20251205,14,"800,001-1,000,000",9,"8,528,102",1.43,1785
20251205,15,"1,000,001以上",54,"235,432,806",39.50,1785
20251205,16,合　計,"103,089","596,002,243",100.00,1785
20251128,1,1-999,"44,690","3,301,250",0.55,1785
20251128,2,"1,000-5,000","47,154","92,380,148",15.49,1785
20251128,3,"5,001-10,000","5,602","43,798,065",7.34,1785
20251128,4,"10,001-15,000","1,712","21,619,599",3.62,1785
20251128,5,"15,001-20,000","1,048","19,262,801",3.23,1785
20251128,6,"20,001-30,000",853,"21,623,184",3.62,1785
20251128,7,"30,001-40,000",434,"15,493,346",2.59,1785
20251128,8,"40,001-50,000",264,"12,292,181",2.06,1785
20251128,9,"50,001-100,000",460,"32,414,420",5.43,1785
20251128,10,"100,001-200,000",214,"29,667,201",4.97,1785
20251128,11,"200,001-400,000",103,"29,481,491",4.94,1785
20251128,12,"400,001-600,000",26,"13,155,675",2.20,1785
20251128,13,"600,001-800,000",19,"13,755,127",2.30,1785
20251128,14,"800,001-1,000,000",10,"9,314,756",1.56,1785
20251128,15,"1,000,001以上",53,"238,442,999",40.00,1785
20251128,16,合　計,"102,642","596,002,243",100.00,1785
20251121,1,1-999,"44,683","3,305,939",0.55,1785
20251121,2,"1,000-5,000","47,090","92,071,523",15.44,1785
20251121,3,"5,001-10,000","5,570","43,582,174",7.31,1785
20251121,4,"10,001-15,000","1,685","21,322,526",3.57,1785
20251121,5,"15,001-20,000","1,037","19,067,060",3.19,1785
20251121,6,"20,001-30,000",849,"21,524,479",3.61,1785
20251121,7,"30,001-40,000",432,"15,423,295",2.58,1785
20251121,8,"40,001-50,000",265,"12,302,766",2.06,1785
20251121,9,"50,001-100,000",450,"31,713,559",5.32,1785
20251121,10,"100,001-200,000",213,"29,469,964",4.94,1785
20251121,11,"200,001-400,000",104,"29,841,679",5.00,1785
20251121,12,"400,001-600,000",26,"13,331,063",2.23,1785
20251121,13,"600,001-800,000",21,"15,343,127",2.57,1785
20251121,14,"800,001-1,000,000",8,"7,342,372",1.23,1785
20251121,15,"1,000,001以上",56,"240,380,717",40.33,1785
20251121,16,合　計,"102,489","596,022,243",100.00,1785
20251114,1,1-999,"44,662","3,317,379",0.55,1785
20251114,2,"1,000-5,000","47,460","92,692,225",15.55,1785
20251114,3,"5,001-10,000","5,574","43,644,411",7.32,1785
20251114,4,"10,001-15,000","1,696","21,486,288",3.60,1785
20251114,5,"15,001-20,000","1,047","19,236,148",3.22,1785
20251114,6,"20,001-30,000",859,"21,783,110",3.65,1785
20251114,7,"30,001-40,000",429,"15,301,866",2.56,1785
20251114,8,"40,001-50,000",264,"12,271,514",2.05,1785
20251114,9,"50,001-100,000",450,"31,795,135",5.33,1785
20251114,10,"100,001-200,000",216,"29,954,968",5.02,1785
20251114,11,"200,001-400,000",108,"30,853,139",5.17,1785
20251114,12,"400,001-600,000",22,"11,400,675",1.91,1785
20251114,13,"600,001-800,000",22,"16,197,667",2.71,1785
20251114,14,"800,001-1,000,000",11,"10,282,756",1.72,1785
20251114,15,"1,000,001以上",50,"235,804,962",39.56,1785
20251114,16,合　計,"102,870","596,022,243",100.00,1785
20251107,1,1-999,"44,578","3,322,077",0.55,1785
20251107,2,"1,000-5,000","47,669","93,479,172",15.68,1785
20251107,3,"5,001-10,000","5,689","44,577,476",7.47,1785
20251107,4,"10,001-15,000","1,736","21,959,905",3.68,1785
20251107,5,"15,001-20,000","1,070","19,690,994",3.30,1785
20251107,6,"20,001-30,000",877,"22,313,062",3.74,1785
20251107,7,"30,001-40,000",430,"15,342,442",2.57,1785
20251107,8,"40,001-50,000",256,"11,887,290",1.99,1785
20251107,9,"50,001-100,000",464,"32,915,774",5.52,1785
20251107,10,"100,001-200,000",217,"30,202,922",5.06,1785
20251107,11,"200,001-400,000",105,"29,708,755",4.98,1785
20251107,12,"400,001-600,000",25,"12,973,559",2.17,1785
20251107,13,"600,001-800,000",23,"16,704,667",2.80,1785
20251107,14,"800,001-1,000,000",5,"4,812,057",0.80,1785
20251107,15,"1,000,001以上",54,"236,132,091",39.61,1785
20251107,16,合　計,"103,198","596,022,243",100.00,1785
20251031,1,1-999,"44,587","3,309,283",0.55,1785
20251031,2,"1,000-5,000","47,933","93,586,988",15.70,1785
20251031,3,"5,001-10,000","5,685","44,595,349",7.48,1785
20251031,4,"10,001-15,000","1,704","21,564,778",3.61,1785
20251031,5,"15,001-20,000","1,064","19,603,932",3.28,1785
20251031,6,"20,001-30,000",882,"22,453,311",3.76,1785
20251031,7,"30,001-40,000",415,"14,781,235",2.47,1785
20251031,8,"40,001-50,000",258,"11,988,944",2.01,1785
20251031,9,"50,001-100,000",469,"33,262,624",5.58,1785
20251031,10,"100,001-200,000",221,"30,775,141",5.16,1785
20251031,11,"200,001-400,000",100,"28,505,047",4.78,1785
20251031,12,"400,001-600,000",24,"12,613,472",2.11,1785
20251031,13,"600,001-800,000",22,"15,917,667",2.67,1785
20251031,14,"800,001-1,000,000",9,"8,441,517",1.41,1785
20251031,15,"1,000,001以上",52,"234,622,955",39.36,1785
20251031,16,合　計,"103,425","596,022,243",100.00,1785
20251023,1,1-999,"44,769","3,346,052",0.56,1785
20251023,2,"1,000-5,000","48,795","94,809,389",15.90,1785
20251023,3,"5,001-10,000","5,740","45,052,175",7.55,1785
20251023,4,"10,001-15,000","1,725","21,855,279",3.66,1785
20251023,5,"15,001-20,000","1,071","19,754,822",3.31,1785
20251023,6,"20,001-30,000",874,"22,249,887",3.73,1785
20251023,7,"30,001-40,000",429,"15,298,848",2.56,1785
20251023,8,"40,001-50,000",259,"12,018,073",2.01,1785
20251023,9,"50,001-100,000",451,"32,109,881",5.38,1785
20251023,10,"100,001-200,000",214,"29,918,933",5.01,1785
20251023,11,"200,001-400,000",104,"29,431,913",4.93,1785
20251023,12,"400,001-600,000",23,"12,004,675",2.01,1785
20251023,13,"600,001-800,000",22,"15,909,464",2.66,1785
20251023,14,"800,001-1,000,000",8,"7,566,057",1.26,1785
20251023,15,"1,000,001以上",52,"234,696,795",39.37,1785
20251023,16,合　計,"104,536","596,022,243",100.00,1785
20251017,1,1-999,"44,784","3,345,061",0.56,1785
20251017,2,"1,000-5,000","48,545","94,152,082",15.79,1785
20251017,3,"5,001-10,000","5,632","44,254,867",7.42,1785
20251017,4,"10,001-15,000","1,695","21,515,244",3.60,1785
20251017,5,"15,001-20,000","1,043","19,224,712",3.22,1785
20251017,6,"20,001-30,000",871,"22,138,626",3.71,1785
20251017,7,"30,001-40,000",404,"14,429,858",2.42,1785
20251017,8,"40,001-50,000",258,"11,982,229",2.01,1785
20251017,9,"50,001-100,000",445,"31,689,920",5.31,1785
20251017,10,"100,001-200,000",211,"29,293,393",4.91,1785
20251017,11,"200,001-400,000",104,"28,990,477",4.86,1785
20251017,12,"400,001-600,000",22,"11,503,675",1.93,1785
20251017,13,"600,001-800,000",21,"15,357,667",2.57,1785
20251017,14,"800,001-1,000,000",12,"11,290,415",1.89,1785
20251017,15,"1,000,001以上",53,"236,854,017",39.73,1785
20251017,16,合　計,"104,100","596,022,243",100.00,1785
20251009,1,1-999,"44,592","3,318,393",0.55,1785
20251009,2,"1,000-5,000","48,063","93,392,805",15.66,1785
20251009,3,"5,001-10,000","5,636","44,209,197",7.41,1785
20251009,4,"10,001-15,000","1,706","21,720,096",3.64,1785
20251009,5,"15,001-20,000","1,056","19,490,952",3.27,1785
20251009,6,"20,001-30,000",887,"22,582,765",3.78,1785
20251009,7,"30,001-40,000",394,"14,105,302",2.36,1785
20251009,8,"40,001-50,000",262,"12,149,187",2.03,1785
20251009,9,"50,001-100,000",455,"32,734,670",5.49,1785
20251009,10,"100,001-200,000",208,"29,319,181",4.91,1785
20251009,11,"200,001-400,000",102,"28,747,368",4.82,1785
20251009,12,"400,001-600,000",22,"11,434,675",1.91,1785
20251009,13,"600,001-800,000",26,"18,714,214",3.13,1785
20251009,14,"800,001-1,000,000",8,"7,231,046",1.21,1785
20251009,15,"1,000,001以上",53,"236,872,392",39.74,1785
20251009,16,合　計,"103,470","596,022,243",100.00,1785
20251003,1,1-999,"44,646","3,329,162",0.55,1785
20251003,2,"1,000-5,000","48,245","93,877,261",15.75,1785
20251003,3,"5,001-10,000","5,646","44,284,987",7.43,1785
20251003,4,"10,001-15,000","1,710","21,754,682",3.64,1785
20251003,5,"15,001-20,000","1,050","19,380,259",3.25,1785
20251003,6,"20,001-30,000",895,"22,786,926",3.82,1785
20251003,7,"30,001-40,000",393,"14,074,666",2.36,1785
20251003,8,"40,001-50,000",263,"12,205,474",2.04,1785
20251003,9,"50,001-100,000",458,"32,914,002",5.52,1785
20251003,10,"100,001-200,000",211,"29,850,489",5.00,1785
20251003,11,"200,001-400,000",101,"28,840,756",4.83,1785
20251003,12,"400,001-600,000",22,"11,408,675",1.91,1785
20251003,13,"600,001-800,000",25,"18,173,163",3.04,1785
20251003,14,"800,001-1,000,000",8,"7,420,249",1.24,1785
20251003,15,"1,000,001以上",52,"235,721,492",39.54,1785
20251003,16,合　計,"103,725","596,022,243",100.00,1785
20250926,1,1-999,"44,761","3,368,894",0.56,1785
20250926,2,"1,000-5,000","48,796","94,664,338",15.88,1785
20250926,3,"5,001-10,000","5,718","44,868,162",7.52,1785
20250926,4,"10,001-15,000","1,728","22,005,924",3.69,1785
20250926,5,"15,001-20,000","1,053","19,458,955",3.26,1785
20250926,6,"20,001-30,000",886,"22,626,638",3.79,1785
20250926,7,"30,001-40,000",399,"14,287,914",2.39,1785
20250926,8,"40,001-50,000",270,"12,498,793",2.09,1785
20250926,9,"50,001-100,000",450,"32,164,819",5.39,1785
20250926,10,"100,001-200,000",225,"31,390,476",5.26,1785
20250926,11,"200,001-400,000",108,"30,850,664",5.17,1785
20250926,12,"400,001-600,000",19,"10,182,472",1.70,1785
20250926,13,"600,001-800,000",24,"17,445,723",2.92,1785
20250926,14,"800,001-1,000,000",8,"7,239,249",1.21,1785
20250926,15,"1,000,001以上",52,"232,989,222",39.09,1785
20250926,16,差異數調整（說明4）,,"-20,000",-0.00,1785
20250926,17,合　計,"104,497","596,022,243",100.00,1785
20250919,1,1-999,"44,554","3,345,483",0.56,1785
20250919,2,"1,000-5,000","48,070","93,937,653",15.75,1785
20250919,3,"5,001-10,000","5,740","44,891,764",7.53,1785
20250919,4,"10,001-15,000","1,774","22,570,033",3.78,1785
20250919,5,"15,001-20,000","1,063","19,635,338",3.29,1785
20250919,6,"20,001-30,000",910,"23,239,387",3.89,1785
20250919,7,"30,001-40,000",431,"15,470,120",2.59,1785
20250919,8,"40,001-50,000",271,"12,538,768",2.10,1785
20250919,9,"50,001-100,000",450,"32,171,909",5.39,1785
20250919,10,"100,001-200,000",224,"31,011,493",5.20,1785
20250919,11,"200,001-400,000",99,"28,304,601",4.74,1785
20250919,12,"400,001-600,000",23,"11,991,550",2.01,1785
20250919,13,"600,001-800,000",25,"18,310,964",3.07,1785
20250919,14,"800,001-1,000,000",14,"13,359,151",2.24,1785
20250919,15,"1,000,001以上",49,"225,293,029",37.79,1785
20250919,16,合　計,"103,697","596,071,243",100.00,1785
20250912,1,1-999,"44,495","3,363,361",0.56,1785
20250912,2,"1,000-5,000","48,524","95,246,920",15.97,1785
20250912,3,"5,001-10,000","5,928","46,369,233",7.77,1785
20250912,4,"10,001-15,000","1,822","23,186,738",3.88,1785
20250912,5,"15,001-20,000","1,060","19,564,604",3.28,1785
20250912,6,"20,001-30,000",916,"23,306,886",3.91,1785
20250912,7,"30,001-40,000",430,"15,385,641",2.58,1785
20250912,8,"40,001-50,000",281,"13,035,852",2.18,1785
20250912,9,"50,001-100,000",452,"32,227,231",5.40,1785
20250912,10,"100,001-200,000",218,"30,322,401",5.08,1785
20250912,11,"200,001-400,000",104,"29,459,123",4.94,1785
20250912,12,"400,001-600,000",25,"13,148,790",2.20,1785
20250912,13,"600,001-800,000",24,"17,549,167",2.94,1785
20250912,14,"800,001-1,000,000",10,"9,459,095",1.58,1785
20250912,15,"1,000,001以上",50,"224,446,201",37.65,1785
20250912,16,合　計,"104,339","596,071,243",100.00,1785
20250905,1,1-999,"44,524","3,368,376",0.56,1785
20250905,2,"1,000-5,000","49,024","95,981,058",16.10,1785
20250905,3,"5,001-10,000","5,977","46,760,310",7.84,1785
20250905,4,"10,001-15,000","1,801","22,937,411",3.84,1785
20250905,5,"15,001-20,000","1,072","19,777,339",3.31,1785
20250905,6,"20,001-30,000",901,"22,949,089",3.85,1785
20250905,7,"30,001-40,000",428,"15,265,013",2.56,1785
20250905,8,"40,001-50,000",281,"13,005,103",2.18,1785
20250905,9,"50,001-100,000",455,"32,631,937",5.47,1785
20250905,10,"100,001-200,000",217,"30,041,414",5.03,1785
20250905,11,"200,001-400,000",100,"28,055,942",4.70,1785
20250905,12,"400,001-600,000",28,"14,549,028",2.44,1785
20250905,13,"600,001-800,000",26,"18,684,596",3.13,1785
20250905,14,"800,001-1,000,000",10,"9,370,591",1.57,1785
20250905,15,"1,000,001以上",50,"222,694,036",37.36,1785
20250905,16,合　計,"104,894","596,071,243",100.00,1785
20250829,1,1-999,"44,316","3,340,580",0.56,1785
20250829,2,"1,000-5,000","47,816","93,684,744",15.71,1785
20250829,3,"5,001-10,000","5,773","45,135,753",7.57,1785
20250829,4,"10,001-15,000","1,736","22,153,295",3.71,1785
20250829,5,"15,001-20,000","1,061","19,588,324",3.28,1785
20250829,6,"20,001-30,000",899,"22,912,408",3.84,1785
20250829,7,"30,001-40,000",415,"14,821,741",2.48,1785
20250829,8,"40,001-50,000",270,"12,520,320",2.10,1785
20250829,9,"50,001-100,000",433,"30,833,810",5.17,1785
20250829,10,"100,001-200,000",214,"29,663,750",4.97,1785
20250829,11,"200,001-400,000",100,"28,005,912",4.69,1785
20250829,12,"400,001-600,000",27,"14,073,783",2.36,1785
20250829,13,"600,001-800,000",22,"16,061,167",2.69,1785
20250829,14,"800,001-1,000,000",10,"9,537,095",1.59,1785
20250829,15,"1,000,001以上",55,"233,744,561",39.21,1785
20250829,16,差異數調整（說明4）,,"-6,000",-0.00,1785
20250829,17,合　計,"103,147","596,071,243",100.00,1785
20250822,1,1-999,"44,470","3,383,717",0.56,1785
20250822,2,"1,000-5,000","49,470","97,146,141",16.29,1785
20250822,3,"5,001-10,000","6,018","47,017,248",7.88,1785
20250822,4,"10,001-15,000","1,801","22,986,186",3.85,1785
20250822,5,"15,001-20,000","1,116","20,596,544",3.45,1785
20250822,6,"20,001-30,000",936,"23,915,113",4.01,1785
20250822,7,"30,001-40,000",416,"14,801,494",2.48,1785
20250822,8,"40,001-50,000",282,"13,055,854",2.19,1785
20250822,9,"50,001-100,000",441,"31,521,169",5.28,1785
20250822,10,"100,001-200,000",220,"30,563,164",5.12,1785
20250822,11,"200,001-400,000",104,"29,276,912",4.91,1785
20250822,12,"400,001-600,000",25,"12,969,572",2.17,1785
20250822,13,"600,001-800,000",24,"17,327,636",2.90,1785
20250822,14,"800,001-1,000,000",13,"12,112,122",2.03,1785
20250822,15,"1,000,001以上",46,"219,398,371",36.80,1785
20250822,16,合　計,"105,382","596,071,243",100.00,1785
20250815,1,1-999,"44,501","3,390,905",0.56,1785
20250815,2,"1,000-5,000","49,724","97,692,804",16.38,1785
20250815,3,"5,001-10,000","6,051","47,362,511",7.94,1785
20250815,4,"10,001-15,000","1,827","23,311,485",3.91,1785
20250815,5,"15,001-20,000","1,111","20,527,678",3.44,1785
20250815,6,"20,001-30,000",930,"23,737,599",3.98,1785
20250815,7,"30,001-40,000",426,"15,152,360",2.54,1785
20250815,8,"40,001-50,000",267,"12,323,448",2.06,1785
20250815,9,"50,001-100,000",458,"32,778,049",5.49,1785
20250815,10,"100,001-200,000",213,"29,431,731",4.93,1785
20250815,11,"200,001-400,000",108,"30,646,392",5.14,1785
20250815,12,"400,001-600,000",23,"12,206,770",2.04,1785
20250815,13,"600,001-800,000",26,"18,859,667",3.16,1785
20250815,14,"800,001-1,000,000",12,"11,323,983",1.89,1785
20250815,15,"1,000,001以上",47,"217,325,861",36.45,1785
20250815,16,合　計,"105,724","596,071,243",100.00,1785
20250808,1,1-999,"44,437","3,380,084",0.56,1785
20250808,2,"1,000-5,000","49,606","97,613,967",16.37,1785
20250808,3,"5,001-10,000","6,050","47,293,922",7.93,1785
20250808,4,"10,001-15,000","1,823","23,243,587",3.89,1785
20250808,5,"15,001-20,000","1,129","20,854,923",3.49,1785
20250808,6,"20,001-30,000",936,"23,820,348",3.99,1785
20250808,7,"30,001-40,000",433,"15,398,024",2.58,1785
20250808,8,"40,001-50,000",260,"12,037,471",2.01,1785
20250808,9,"50,001-100,000",463,"33,174,285",5.56,1785
20250808,10,"100,001-200,000",221,"30,587,204",5.13,1785
20250808,11,"200,001-400,000",108,"30,549,236",5.12,1785
20250808,12,"400,001-600,000",23,"11,858,181",1.98,1785
20250808,13,"600,001-800,000",25,"17,857,194",2.99,1785
20250808,14,"800,001-1,000,000",12,"11,058,595",1.85,1785
20250808,15,"1,000,001以上",46,"217,344,222",36.46,1785
20250808,16,合　計,"105,572","596,071,243",100.00,1785
20250801,1,1-999,"44,349","3,376,420",0.56,1785
20250801,2,"1,000-5,000","48,630","95,755,378",16.06,1785
20250801,3,"5,001-10,000","5,981","46,689,038",7.83,1785
20250801,4,"10,001-15,000","1,808","23,040,056",3.86,1785
20250801,5,"15,001-20,000","1,105","20,364,781",3.41,1785
20250801,6,"20,001-30,000",934,"23,774,837",3.98,1785
20250801,7,"30,001-40,000",428,"15,198,464",2.54,1785
20250801,8,"40,001-50,000",263,"12,150,844",2.03,1785
20250801,9,"50,001-100,000",460,"32,872,629",5.51,1785
20250801,10,"100,001-200,000",220,"30,210,987",5.06,1785
20250801,11,"200,001-400,000",110,"30,866,740",5.17,1785
20250801,12,"400,001-600,000",26,"13,640,181",2.28,1785
20250801,13,"600,001-800,000",22,"15,753,464",2.64,1785
20250801,14,"800,001-1,000,000",13,"11,906,294",1.99,1785
20250801,15,"1,000,001以上",47,"220,472,130",36.98,1785
20250801,16,差異數調整（說明4）,,"-1,000",-0.00,1785
20250801,17,合　計,"104,396","596,071,243",100.00,1785
20250725,1,1-999,"44,310","3,374,166",0.56,1785
20250725,2,"1,000-5,000","48,294","94,742,985",15.89,1785
20250725,3,"5,001-10,000","5,885","45,897,862",7.70,1785
20250725,4,"10,001-15,000","1,802","22,899,509",3.84,1785
20250725,5,"15,001-20,000","1,077","19,905,023",3.33,1785
20250725,6,"20,001-30,000",924,"23,490,028",3.94,1785
20250725,7,"30,001-40,000",427,"15,177,420",2.54,1785
20250725,8,"40,001-50,000",248,"11,494,595",1.92,1785
20250725,9,"50,001-100,000",457,"32,631,727",5.47,1785
20250725,10,"100,001-200,000",217,"29,827,037",5.00,1785
20250725,11,"200,001-400,000",110,"31,118,500",5.22,1785
20250725,12,"400,001-600,000",29,"15,152,366",2.54,1785
20250725,13,"600,001-800,000",20,"14,479,366",2.42,1785
20250725,14,"800,001-1,000,000",14,"12,949,595",2.17,1785
20250725,15,"1,000,001以上",47,"222,931,064",37.40,1785
20250725,16,合　計,"103,861","596,071,243",100.00,1785
20250718,1,1-999,"44,311","3,370,647",0.56,1785
20250718,2,"1,000-5,000","48,059","94,079,397",15.78,1785
20250718,3,"5,001-10,000","5,836","45,526,013",7.63,1785
20250718,4,"10,001-15,000","1,779","22,638,119",3.79,1785
20250718,5,"15,001-20,000","1,073","19,799,563",3.32,1785
20250718,6,"20,001-30,000",905,"22,995,071",3.85,1785
20250718,7,"30,001-40,000",420,"14,915,818",2.50,1785
20250718,8,"40,001-50,000",251,"11,634,071",1.95,1785
20250718,9,"50,001-100,000",461,"32,802,663",5.50,1785
20250718,10,"100,001-200,000",217,"30,051,871",5.04,1785
20250718,11,"200,001-400,000",109,"30,310,930",5.08,1785
20250718,12,"400,001-600,000",27,"14,254,569",2.39,1785
20250718,13,"600,001-800,000",19,"13,662,391",2.29,1785
20250718,14,"800,001-1,000,000",15,"13,988,403",2.34,1785
20250718,15,"1,000,001以上",48,"226,042,717",37.92,1785
20250718,16,差異數調整（說明4）,,"-1,000",-0.00,1785
20250718,17,合　計,"103,530","596,071,243",100.00,1785
20250711,1,1-999,"44,360","3,375,329",0.56,1785
20250711,2,"1,000-5,000","47,910","93,743,322",15.72,1785
20250711,3,"5,001-10,000","5,816","45,361,238",7.61,1785
20250711,4,"10,001-15,000","1,775","22,553,613",3.78,1785
20250711,5,"15,001-20,000","1,076","19,853,214",3.33,1785
20250711,6,"20,001-30,000",912,"23,166,494",3.88,1785
20250711,7,"30,001-40,000",424,"15,059,032",2.52,1785
20250711,8,"40,001-50,000",248,"11,467,494",1.92,1785
20250711,9,"50,001-100,000",461,"32,761,798",5.49,1785
20250711,10,"100,001-200,000",220,"30,711,632",5.15,1785
20250711,11,"200,001-400,000",106,"29,508,889",4.95,1785
20250711,12,"400,001-600,000",28,"14,514,971",2.43,1785
20250711,13,"600,001-800,000",20,"14,342,594",2.40,1785
20250711,14,"800,001-1,000,000",13,"11,998,185",2.01,1785
20250711,15,"1,000,001以上",48,"227,653,438",38.19,1785
20250711,16,合　計,"103,417","596,071,243",100.00,1785
20250704,1,1-999,"44,384","3,373,777",0.56,1785
20250704,2,"1,000-5,000","47,984","93,893,467",15.75,1785
20250704,3,"5,001-10,000","5,813","45,341,489",7.60,1785
20250704,4,"10,001-15,000","1,762","22,368,522",3.75,1785
20250704,5,"15,001-20,000","1,087","20,063,564",3.36,1785
20250704,6,"20,001-30,000",910,"23,119,475",3.87,1785
20250704,7,"30,001-40,000",425,"15,111,712",2.53,1785
20250704,8,"40,001-50,000",247,"11,411,213",1.91,1785
20250704,9,"50,001-100,000",459,"32,555,231",5.46,1785
20250704,10,"100,001-200,000",216,"29,916,879",5.01,1785
20250704,11,"200,001-400,000",109,"30,471,274",5.11,1785
20250704,12,"400,001-600,000",25,"12,967,474",2.17,1785
20250704,13,"600,001-800,000",21,"15,015,797",2.51,1785
20250704,14,"800,001-1,000,000",11,"10,107,392",1.69,1785
20250704,15,"1,000,001以上",50,"230,353,977",38.64,1785
20250704,16,合　計,"103,503","596,071,243",100.00,1785
20250627,1,1-999,"44,443","3,385,620",0.56,1785
20250627,2,"1,000-5,000","47,859","93,490,982",15.68,1785
20250627,3,"5,001-10,000","5,768","44,964,017",7.54,1785
20250627,4,"10,001-15,000","1,747","22,209,345",3.72,1785
20250627,5,"15,001-20,000","1,097","20,214,119",3.39,1785
20250627,6,"20,001-30,000",907,"22,973,528",3.85,1785
20250627,7,"30,001-40,000",419,"14,898,071",2.49,1785
20250627,8,"40,001-50,000",252,"11,667,967",1.95,1785
20250627,9,"50,001-100,000",459,"32,526,860",5.45,1785
20250627,10,"100,001-200,000",210,"29,056,502",4.87,1785
20250627,11,"200,001-400,000",113,"31,124,266",5.22,1785
20250627,12,"400,001-600,000",27,"13,998,912",2.34,1785
20250627,13,"600,001-800,000",17,"12,161,696",2.04,1785
20250627,14,"800,001-1,000,000",12,"10,763,294",1.80,1785
20250627,15,"1,000,001以上",51,"232,636,064",39.02,1785
20250627,16,合　計,"103,381","596,071,243",100.00,1785
20250620,1,1-999,"44,505","3,397,455",0.56,1785
20250620,2,"1,000-5,000","46,885","91,292,182",15.31,1785
20250620,3,"5,001-10,000","5,627","43,981,140",7.37,1785
20250620,4,"10,001-15,000","1,705","21,686,354",3.63,1785
20250620,5,"15,001-20,000","1,050","19,357,159",3.24,1785
20250620,6,"20,001-30,000",896,"22,752,019",3.81,1785
20250620,7,"30,001-40,000",410,"14,577,151",2.44,1785
20250620,8,"40,001-50,000",245,"11,309,172",1.89,1785
20250620,9,"50,001-100,000",457,"32,283,335",5.41,1785
20250620,10,"100,001-200,000",196,"27,275,952",4.57,1785
20250620,11,"200,001-400,000",100,"27,625,740",4.63,1785
20250620,12,"400,001-600,000",28,"14,108,233",2.36,1785
20250620,13,"600,001-800,000",16,"11,753,223",1.97,1785
20250620,14,"800,001-1,000,000",11,"10,084,446",1.69,1785
20250620,15,"1,000,001以上",53,"244,587,682",41.03,1785
20250620,16,合　計,"102,184","596,071,243",100.00,1785
20250613,1,1-999,"44,555","3,405,154",0.57,1785
20250613,2,"1,000-5,000","46,907","91,291,170",15.31,1785
20250613,3,"5,001-10,000","5,636","44,081,377",7.39,1785
20250613,4,"10,001-15,000","1,711","21,779,515",3.65,1785
20250613,5,"15,001-20,000","1,073","19,780,124",3.31,1785
20250613,6,"20,001-30,000",878,"22,281,563",3.73,1785
20250613,7,"30,001-40,000",418,"14,871,854",2.49,1785
20250613,8,"40,001-50,000",249,"11,478,373",1.92,1785
20250613,9,"50,001-100,000",452,"31,706,495",5.31,1785
20250613,10,"100,001-200,000",206,"28,607,625",4.79,1785
20250613,11,"200,001-400,000",99,"26,950,031",4.52,1785
20250613,12,"400,001-600,000",29,"14,873,202",2.49,1785
20250613,13,"600,001-800,000",15,"10,790,976",1.81,1785
20250613,14,"800,001-1,000,000",12,"11,152,383",1.87,1785
20250613,15,"1,000,001以上",53,"243,021,401",40.77,1785
20250613,16,合　計,"102,293","596,071,243",100.00,1785
20250606,1,1-999,"44,574","3,418,138",0.57,1785
20250606,2,"1,000-5,000","46,868","91,652,266",15.37,1785
20250606,3,"5,001-10,000","5,729","44,756,740",7.50,1785
20250606,4,"10,001-15,000","1,729","21,920,468",3.67,1785
20250606,5,"15,001-20,000","1,094","20,132,661",3.37,1785
20250606,6,"20,001-30,000",904,"23,021,598",3.86,1785
20250606,7,"30,001-40,000",418,"14,856,919",2.49,1785
20250606,8,"40,001-50,000",257,"11,883,378",1.99,1785
20250606,9,"50,001-100,000",465,"32,599,737",5.46,1785
20250606,10,"100,001-200,000",209,"29,254,200",4.90,1785
20250606,11,"200,001-400,000",97,"26,709,619",4.48,1785
20250606,12,"400,001-600,000",26,"13,205,505",2.21,1785
20250606,13,"600,001-800,000",18,"12,888,304",2.16,1785
20250606,14,"800,001-1,000,000",13,"11,866,825",1.99,1785
20250606,15,"1,000,001以上",51,"237,904,885",39.91,1785
20250606,16,合　計,"102,452","596,071,243",100.00,1785
20250529,1,1-999,"44,644","3,439,403",0.57,1785
20250529,2,"1,000-5,000","47,078","92,097,536",15.45,1785
20250529,3,"5,001-10,000","5,755","44,958,390",7.54,1785
20250529,4,"10,001-15,000","1,737","22,052,968",3.69,1785
20250529,5,"15,001-20,000","1,096","20,185,166",3.38,1785
20250529,6,"20,001-30,000",910,"23,160,204",3.88,1785
20250529,7,"30,001-40,000",415,"14,761,760",2.47,1785
20250529,8,"40,001-50,000",256,"11,864,939",1.99,1785
20250529,9,"50,001-100,000",454,"31,857,689",5.34,1785
20250529,10,"100,001-200,000",210,"29,291,390",4.91,1785
20250529,11,"200,001-400,000",105,"29,042,007",4.87,1785
20250529,12,"400,001-600,000",24,"12,173,717",2.04,1785
20250529,13,"600,001-800,000",15,"10,794,976",1.81,1785
20250529,14,"800,001-1,000,000",12,"11,056,622",1.85,1785
20250529,15,"1,000,001以上",53,"239,334,476",40.15,1785
20250529,16,合　計,"102,764","596,071,243",100.00,1785
20250523,1,1-999,"44,710","3,455,062",0.57,1785
20250523,2,"1,000-5,000","47,710","93,256,007",15.64,1785
20250523,3,"5,001-10,000","5,847","45,721,482",7.67,1785
20250523,4,"10,001-15,000","1,749","22,200,389",3.72,1785
20250523,5,"15,001-20,000","1,097","20,210,431",3.39,1785
20250523,6,"20,001-30,000",923,"23,473,785",3.93,1785
20250523,7,"30,001-40,000",422,"15,011,529",2.51,1785
20250523,8,"40,001-50,000",256,"11,909,939",1.99,1785
20250523,9,"50,001-100,000",451,"31,779,698",5.33,1785
20250523,10,"100,001-200,000",209,"29,063,721",4.87,1785
20250523,11,"200,001-400,000",106,"29,108,491",4.88,1785
20250523,12,"400,001-600,000",25,"12,585,814",2.11,1785
20250523,13,"600,001-800,000",17,"12,177,265",2.04,1785
20250523,14,"800,001-1,000,000",9,"8,280,383",1.38,1785
20250523,15,"1,000,001以上",54,"237,872,247",39.90,1785
20250523,16,合　計,"103,585","596,106,243",100.00,1785
20250516,1,1-999,"44,777","3,464,383",0.58,1785
20250516,2,"1,000-5,000","48,063","93,953,910",15.76,1785
20250516,3,"5,001-10,000","5,867","45,894,036",7.69,1785
20250516,4,"10,001-15,000","1,765","22,400,865",3.75,1785
20250516,5,"15,001-20,000","1,109","20,424,057",3.42,1785
20250516,6,"20,001-30,000",927,"23,596,809",3.95,1785
20250516,7,"30,001-40,000",427,"15,199,315",2.54,1785
20250516,8,"40,001-50,000",258,"11,979,679",2.00,1785
20250516,9,"50,001-100,000",444,"31,342,794",5.25,1785
20250516,10,"100,001-200,000",205,"28,687,881",4.81,1785
20250516,11,"200,001-400,000",101,"27,661,459",4.64,1785
20250516,12,"400,001-600,000",28,"13,861,089",2.32,1785
20250516,13,"600,001-800,000",17,"12,425,063",2.08,1785
20250516,14,"800,001-1,000,000",10,"9,133,383",1.53,1785
20250516,15,"1,000,001以上",56,"236,081,520",39.60,1785
20250516,16,合　計,"104,054","596,106,243",100.00,1785
20250509,1,1-999,"44,884","3,492,259",0.58,1785
20250509,2,"1,000-5,000","48,971","95,849,573",16.07,1785
20250509,3,"5,001-10,000","5,981","46,781,441",7.84,1785
20250509,4,"10,001-15,000","1,783","22,629,248",3.79,1785
20250509,5,"15,001-20,000","1,130","20,808,827",3.49,1785
20250509,6,"20,001-30,000",926,"23,586,773",3.95,1785
20250509,7,"30,001-40,000",442,"15,809,513",2.65,1785
20250509,8,"40,001-50,000",255,"11,821,111",1.98,1785
20250509,9,"50,001-100,000",466,"32,941,487",5.52,1785
20250509,10,"100,001-200,000",203,"28,332,540",4.75,1785
20250509,11,"200,001-400,000",103,"28,496,608",4.78,1785
20250509,12,"400,001-600,000",29,"14,260,346",2.39,1785
20250509,13,"600,001-800,000",15,"11,003,727",1.84,1785
20250509,14,"800,001-1,000,000",8,"7,380,126",1.23,1785
20250509,15,"1,000,001以上",54,"232,912,664",39.07,1785
20250509,16,合　計,"105,250","596,106,243",100.00,1785
20250502,1,1-999,"44,946","3,508,518",0.58,1785
20250502,2,"1,000-5,000","49,183","96,172,674",16.13,1785
20250502,3,"5,001-10,000","5,993","46,951,387",7.87,1785
20250502,4,"10,001-15,000","1,801","22,881,817",3.83,1785
20250502,5,"15,001-20,000","1,126","20,773,259",3.48,1785
20250502,6,"20,001-30,000",937,"23,878,726",4.00,1785
20250502,7,"30,001-40,000",439,"15,659,509",2.62,1785
20250502,8,"40,001-50,000",264,"12,182,734",2.04,1785
20250502,9,"50,001-100,000",460,"32,667,893",5.48,1785
20250502,10,"100,001-200,000",206,"28,580,698",4.79,1785
20250502,11,"200,001-400,000",99,"27,297,911",4.57,1785
20250502,12,"400,001-600,000",32,"15,848,713",2.65,1785
20250502,13,"600,001-800,000",14,"10,249,727",1.71,1785
20250502,14,"800,001-1,000,000",13,"11,979,300",2.00,1785
20250502,15,"1,000,001以上",52,"227,473,377",38.15,1785
20250502,16,合　計,"105,565","596,106,243",100.00,1785
20250425,1,1-999,"45,077","3,529,615",0.59,1785
20250425,2,"1,000-5,000","49,720","97,120,108",16.29,1785
20250425,3,"5,001-10,000","6,020","47,187,252",7.91,1785
20250425,4,"10,001-15,000","1,798","22,841,464",3.83,1785
20250425,5,"15,001-20,000","1,128","20,812,788",3.49,1785
20250425,6,"20,001-30,000",938,"23,921,924",4.01,1785
20250425,7,"30,001-40,000",444,"15,850,168",2.65,1785
20250425,8,"40,001-50,000",257,"11,886,023",1.99,1785
20250425,9,"50,001-100,000",464,"32,738,874",5.49,1785
20250425,10,"100,001-200,000",209,"29,120,662",4.88,1785
20250425,11,"200,001-400,000",101,"27,901,156",4.68,1785
20250425,12,"400,001-600,000",29,"14,707,932",2.46,1785
20250425,13,"600,001-800,000",17,"12,330,986",2.06,1785
20250425,14,"800,001-1,000,000",10,"9,475,927",1.58,1785
20250425,15,"1,000,001以上",50,"226,691,364",38.02,1785
20250425,16,差異數調整（說明4）,,"-10,000",-0.00,1785
20250425,17,合　計,"106,262","596,106,243",100.00,1785
20250418,1,1-999,"44,917","3,517,029",0.59,1785
20250418,2,"1,000-5,000","49,436","96,778,296",16.23,1785
20250418,3,"5,001-10,000","6,004","46,987,812",7.88,1785
20250418,4,"10,001-15,000","1,782","22,646,519",3.79,1785
20250418,5,"15,001-20,000","1,141","21,035,917",3.52,1785
20250418,6,"20,001-30,000",913,"23,195,627",3.89,1785
20250418,7,"30,001-40,000",446,"15,945,571",2.67,1785
20250418,8,"40,001-50,000",264,"12,185,611",2.04,1785
20250418,9,"50,001-100,000",467,"32,939,732",5.52,1785
20250418,10,"100,001-200,000",208,"28,939,271",4.85,1785
20250418,11,"200,001-400,000",104,"28,871,053",4.84,1785
20250418,12,"400,001-600,000",29,"14,966,385",2.51,1785
20250418,13,"600,001-800,000",16,"11,638,524",1.95,1785
20250418,14,"800,001-1,000,000",9,"8,336,716",1.39,1785
20250418,15,"1,000,001以上",51,"228,122,180",38.26,1785
20250418,16,合　計,"105,787","596,106,243",100.00,1785
20250411,1,1-999,"45,288","3,501,319",0.58,1785
20250411,2,"1,000-5,000","48,637","94,990,869",15.93,1785
20250411,3,"5,001-10,000","5,859","45,806,088",7.68,1785
20250411,4,"10,001-15,000","1,735","22,019,614",3.69,1785
20250411,5,"15,001-20,000","1,135","20,898,695",3.50,1785
20250411,6,"20,001-30,000",896,"22,761,054",3.81,1785
20250411,7,"30,001-40,000",427,"15,232,590",2.55,1785
20250411,8,"40,001-50,000",269,"12,443,253",2.08,1785
20250411,9,"50,001-100,000",452,"31,920,211",5.35,1785
20250411,10,"100,001-200,000",204,"28,321,590",4.75,1785
20250411,11,"200,001-400,000",101,"27,647,363",4.63,1785
20250411,12,"400,001-600,000",27,"13,762,544",2.30,1785
20250411,13,"600,001-800,000",17,"12,520,518",2.10,1785
20250411,14,"800,001-1,000,000",7,"6,562,126",1.10,1785
20250411,15,"1,000,001以上",53,"237,719,409",39.87,1785
20250411,16,差異數調整（說明4）,,"-1,000",-0.00,1785
20250411,17,合　計,"105,107","596,106,243",100.00,1785
20250402,1,1-999,"43,728","3,525,408",0.59,1785
20250402,2,"1,000-5,000","48,269","93,816,311",15.73,1785
20250402,3,"5,001-10,000","5,752","44,884,368",7.52,1785
20250402,4,"10,001-15,000","1,705","21,634,089",3.62,1785
20250402,5,"15,001-20,000","1,089","20,088,735",3.36,1785
20250402,6,"20,001-30,000",880,"22,403,358",3.75,1785
20250402,7,"30,001-40,000",416,"14,919,824",2.50,1785
20250402,8,"40,001-50,000",252,"11,660,259",1.95,1785
20250402,9,"50,001-100,000",436,"30,869,539",5.17,1785
20250402,10,"100,001-200,000",206,"28,388,214",4.76,1785
20250402,11,"200,001-400,000",93,"25,895,037",4.34,1785
20250402,12,"400,001-600,000",28,"14,074,335",2.36,1785
20250402,13,"600,001-800,000",16,"11,768,341",1.97,1785
20250402,14,"800,001-1,000,000",8,"7,536,716",1.26,1785
20250402,15,"1,000,001以上",52,"244,641,709",41.03,1785
20250402,16,合　計,"102,930","596,106,243",100.00,1785
20250328,1,1-999,"43,044","3,531,301",0.59,1785
20250328,2,"1,000-5,000","48,739","94,733,353",15.89,1785
20250328,3,"5,001-10,000","5,785","45,248,408",7.59,1785
20250328,4,"10,001-15,000","1,735","22,011,805",3.69,1785
20250328,5,"15,001-20,000","1,089","20,070,093",3.36,1785
20250328,6,"20,001-30,000",879,"22,333,025",3.74,1785
20250328,7,"30,001-40,000",419,"15,009,741",2.51,1785
20250328,8,"40,001-50,000",259,"11,989,535",2.01,1785
20250328,9,"50,001-100,000",438,"31,122,831",5.22,1785
20250328,10,"100,001-200,000",210,"28,930,003",4.85,1785
20250328,11,"200,001-400,000",96,"26,586,603",4.45,1785
20250328,12,"400,001-600,000",26,"13,245,845",2.22,1785
20250328,13,"600,001-800,000",10,"7,260,727",1.21,1785
20250328,14,"800,001-1,000,000",8,"7,031,294",1.17,1785
20250328,15,"1,000,001以上",55,"247,101,679",41.44,1785
20250328,16,差異數調整（說明4）,,"-50,000",-0.00,1785
20250328,17,合　計,"102,792","596,156,243",100.00,1785
20250321,1,1-999,"42,305","3,595,377",0.60,1785
20250321,2,"1,000-5,000","50,589","98,447,353",16.51,1785
20250321,3,"5,001-10,000","5,955","46,595,846",7.81,1785
20250321,4,"10,001-15,000","1,810","22,960,756",3.85,1785
20250321,5,"15,001-20,000","1,137","20,973,907",3.51,1785
20250321,6,"20,001-30,000",895,"22,705,099",3.80,1785
20250321,7,"30,001-40,000",428,"15,334,821",2.57,1785
20250321,8,"40,001-50,000",255,"11,786,436",1.97,1785
20250321,9,"50,001-100,000",457,"32,221,748",5.40,1785
20250321,10,"100,001-200,000",211,"29,337,207",4.92,1785
20250321,11,"200,001-400,000",91,"25,694,689",4.31,1785
20250321,12,"400,001-600,000",29,"14,671,132",2.46,1785
20250321,13,"600,001-800,000",11,"7,814,115",1.31,1785
20250321,14,"800,001-1,000,000",8,"7,204,126",1.20,1785
20250321,15,"1,000,001以上",53,"236,813,631",39.72,1785
20250321,16,合　計,"104,234","596,156,243",100.00,1785
