date,序,持股/單位數分級,人數,股數/單位數,占集保庫存數比例 (%),stock_id
20260807,1,1-999,7,"2,200",0.11,00687C
20260807,2,"1,000-5,000",2,"6,500",0.33,00687C
20260807,3,"5,001-10,000",3,"21,566",1.11,00687C
20260807,4,"10,001-15,000",0,0,0.00,00687C
20260807,5,"15,001-20,000",1,"17,900",0.92,00687C
20260807,6,"20,001-30,000",0,0,0.00,00687C
20260807,7,"30,001-40,000",2,"74,702",3.84,00687C
20260807,8,"40,001-50,000",0,0,0.00,00687C
20260807,9,"50,001-100,000",0,0,0.00,00687C
20260807,10,"100,001-200,000",0,0,0.00,00687C
20260807,11,"200,001-400,000",0,0,0.00,00687C
20260807,12,"400,001-600,000",0,0,0.00,00687C
20260807,13,"600,001-800,000",0,0,0.00,00687C
20260807,14,"800,001-1,000,000",0,0,0.00,00687C
20260807,15,"1,000,001以上",1,"1,819,400",93.67,00687C
20260807,16,合　計,16,"1,942,268",100.00,00687C
20260731,1,1-999,7,"2,200",0.11,00687C
20260731,2,"1,000-5,000",2,"6,500",0.33,00687C
20260731,3,"5,001-10,000",3,"21,566",1.11,00687C
20260731,4,"10,001-15,000",0,0,0.00,00687C
20260731,5,"15,001-20,000",1,"17,900",0.92,00687C
20260731,6,"20,001-30,000",0,0,0.00,00687C
20260731,7,"30,001-40,000",2,"74,702",3.84,00687C
20260731,8,"40,001-50,000",0,0,0.00,00687C
20260731,9,"50,001-100,000",0,0,0.00,00687C
20260731,10,"100,001-200,000",0,0,0.00,00687C
20260731,11,"200,001-400,000",0,0,0.00,00687C
20260731,12,"400,001-600,000",0,0,0.00,00687C
20260731,13,"600,001-800,000",0,0,0.00,00687C
20260731,14,"800,001-1,000,000",0,0,0.00,00687C
20260731,15,"1,000,001以上",1,"1,819,400",93.67,00687C
20260731,16,合　計,16,"1,942,268",100.00,00687C
20260724,1,1-999,7,"2,200",0.10,00687C
20260724,2,"1,000-5,000",2,"4,500",0.22,00687C
20260724,3,"5,001-10,000",3,"21,466",1.06,00687C
20260724,4,"10,001-15,000",0,0,0.00,00687C
20260724,5,"15,001-20,000",1,"17,900",0.88,00687C
20260724,6,"20,001-30,000",0,0,0.00,00687C
20260724,7,"30,001-40,000",0,0,0.00,00687C
20260724,8,"40,001-50,000",0,0,0.00,00687C
20260724,9,"50,001-100,000",2,"146,802",7.29,00687C
20260724,10,"100,001-200,000",0,0,0.00,00687C
20260724,11,"200,001-400,000",0,0,0.00,00687C
20260724,12,"400,001-600,000",0,0,0.00,00687C
20260724,13,"600,001-800,000",0,0,0.00,00687C
20260724,14,"800,001-1,000,000",0,0,0.00,00687C
20260724,15,"1,000,001以上",1,"1,819,400",90.41,00687C
20260724,16,合　計,16,"2,012,268",100.00,00687C
20260717,1,1-999,7,"2,200",0.10,00687C
20260717,2,"1,000-5,000",2,"4,500",0.22,00687C
20260717,3,"5,001-10,000",3,"21,366",1.06,00687C
20260717,4,"10,001-15,000",0,0,0.00,00687C
20260717,5,"15,001-20,000",1,"17,900",0.88,00687C
20260717,6,"20,001-30,000",0,0,0.00,00687C
20260717,7,"30,001-40,000",0,0,0.00,00687C
20260717,8,"40,001-50,000",0,0,0.00,00687C
20260717,9,"50,001-100,000",2,"146,902",7.30,00687C
20260717,10,"100,001-200,000",0,0,0.00,00687C
20260717,11,"200,001-400,000",0,0,0.00,00687C
20260717,12,"400,001-600,000",0,0,0.00,00687C
20260717,13,"600,001-800,000",0,0,0.00,00687C
20260717,14,"800,001-1,000,000",0,0,0.00,00687C
20260717,15,"1,000,001以上",1,"1,819,400",90.41,00687C
20260717,16,合　計,16,"2,012,268",100.00,00687C
20260709,1,1-999,7,"2,200",0.10,00687C
20260709,2,"1,000-5,000",2,"4,500",0.22,00687C
20260709,3,"5,001-10,000",3,"21,166",1.05,00687C
20260709,4,"10,001-15,000",0,0,0.00,00687C
20260709,5,"15,001-20,000",1,"17,900",0.88,00687C
20260709,6,"20,001-30,000",0,0,0.00,00687C
20260709,7,"30,001-40,000",0,0,0.00,00687C
20260709,8,"40,001-50,000",0,0,0.00,00687C
20260709,9,"50,001-100,000",2,"147,102",7.31,00687C
20260709,10,"100,001-200,000",0,0,0.00,00687C
20260709,11,"200,001-400,000",0,0,0.00,00687C
20260709,12,"400,001-600,000",0,0,0.00,00687C
20260709,13,"600,001-800,000",0,0,0.00,00687C
20260709,14,"800,001-1,000,000",0,0,0.00,00687C
20260709,15,"1,000,001以上",1,"1,819,400",90.41,00687C
20260709,16,合　計,16,"2,012,268",100.00,00687C
20260703,1,1-999,7,"2,200",0.10,00687C
20260703,2,"1,000-5,000",2,"3,500",0.17,00687C
20260703,3,"5,001-10,000",3,"21,166",1.05,00687C
20260703,4,"10,001-15,000",0,0,0.00,00687C
20260703,5,"15,001-20,000",1,"17,900",0.88,00687C
20260703,6,"20,001-30,000",0,0,0.00,00687C
20260703,7,"30,001-40,000",0,0,0.00,00687C
20260703,8,"40,001-50,000",0,0,0.00,00687C
20260703,9,"50,001-100,000",2,"148,102",7.35,00687C
20260703,10,"100,001-200,000",0,0,0.00,00687C
20260703,11,"200,001-400,000",0,0,0.00,00687C
20260703,12,"400,001-600,000",0,0,0.00,00687C
20260703,13,"600,001-800,000",0,0,0.00,00687C
20260703,14,"800,001-1,000,000",0,0,0.00,00687C
20260703,15,"1,000,001以上",1,"1,819,400",90.41,00687C
20260703,16,合　計,16,"2,012,268",100.00,00687C
20260626,1,1-999,7,"2,200",0.10,00687C
20260626,2,"1,000-5,000",2,"3,500",0.17,00687C
20260626,3,"5,001-10,000",3,"21,166",1.05,00687C
20260626,4,"10,001-15,000",0,0,0.00,00687C
20260626,5,"15,001-20,000",1,"17,900",0.88,00687C
20260626,6,"20,001-30,000",1,"28,320",1.40,00687C
20260626,7,"30,001-40,000",0,0,0.00,00687C
20260626,8,"40,001-50,000",0,0,0.00,00687C
20260626,9,"50,001-100,000",0,0,0.00,00687C
20260626,10,"100,001-200,000",1,"119,782",5.95,00687C
20260626,11,"200,001-400,000",0,0,0.00,00687C
20260626,12,"400,001-600,000",0,0,0.00,00687C
20260626,13,"600,001-800,000",0,0,0.00,00687C
20260626,14,"800,001-1,000,000",0,0,0.00,00687C
20260626,15,"1,000,001以上",1,"1,819,400",90.41,00687C
20260626,16,合　計,16,"2,012,268",100.00,00687C
20260618,1,1-999,7,"2,200",0.10,00687C
20260618,2,"1,000-5,000",2,"6,500",0.32,00687C
20260618,3,"5,001-10,000",3,"21,166",1.05,00687C
20260618,4,"10,001-15,000",0,0,0.00,00687C
20260618,5,"15,001-20,000",1,"17,900",0.88,00687C
20260618,6,"20,001-30,000",1,"27,820",1.38,00687C
20260618,7,"30,001-40,000",0,0,0.00,00687C
20260618,8,"40,001-50,000",0,0,0.00,00687C
20260618,9,"50,001-100,000",0,0,0.00,00687C
20260618,10,"100,001-200,000",1,"117,282",5.82,00687C
20260618,11,"200,001-400,000",0,0,0.00,00687C
20260618,12,"400,001-600,000",0,0,0.00,00687C
20260618,13,"600,001-800,000",0,0,0.00,00687C
20260618,14,"800,001-1,000,000",0,0,0.00,00687C
20260618,15,"1,000,001以上",1,"1,819,400",90.41,00687C
20260618,16,合　計,16,"2,012,268",100.00,00687C
20260612,1,1-999,7,"2,200",0.10,00687C
20260612,2,"1,000-5,000",2,"6,500",0.32,00687C
20260612,3,"5,001-10,000",3,"21,166",1.05,00687C
20260612,4,"10,001-15,000",0,0,0.00,00687C
20260612,5,"15,001-20,000",1,"17,900",0.88,00687C
20260612,6,"20,001-30,000",0,0,0.00,00687C
20260612,7,"30,001-40,000",1,"33,820",1.68,00687C
20260612,8,"40,001-50,000",0,0,0.00,00687C
20260612,9,"50,001-100,000",0,0,0.00,00687C
20260612,10,"100,001-200,000",1,"111,282",5.53,00687C
20260612,11,"200,001-400,000",0,0,0.00,00687C
20260612,12,"400,001-600,000",0,0,0.00,00687C
20260612,13,"600,001-800,000",0,0,0.00,00687C
20260612,14,"800,001-1,000,000",0,0,0.00,00687C
20260612,15,"1,000,001以上",1,"1,819,400",90.41,00687C
20260612,16,合　計,16,"2,012,268",100.00,00687C
20260605,1,1-999,7,"2,200",0.10,00687C
20260605,2,"1,000-5,000",2,"6,500",0.32,00687C
20260605,3,"5,001-10,000",3,"21,166",1.05,00687C
20260605,4,"10,001-15,000",0,0,0.00,00687C
20260605,5,"15,001-20,000",1,"17,900",0.88,00687C
20260605,6,"20,001-30,000",0,0,0.00,00687C
20260605,7,"30,001-40,000",1,"33,820",1.68,00687C
20260605,8,"40,001-50,000",0,0,0.00,00687C
20260605,9,"50,001-100,000",0,0,0.00,00687C
20260605,10,"100,001-200,000",1,"111,282",5.53,00687C
20260605,11,"200,001-400,000",0,0,0.00,00687C
20260605,12,"400,001-600,000",0,0,0.00,00687C
20260605,13,"600,001-800,000",0,0,0.00,00687C
20260605,14,"800,001-1,000,000",0,0,0.00,00687C
20260605,15,"1,000,001以上",1,"1,819,400",90.41,00687C
20260605,16,合　計,16,"2,012,268",100.00,00687C
20260529,1,1-999,7,"2,200",0.10,00687C
20260529,2,"1,000-5,000",2,"6,500",0.32,00687C
20260529,3,"5,001-10,000",3,"21,166",1.05,00687C
20260529,4,"10,001-15,000",0,0,0.00,00687C
20260529,5,"15,001-20,000",1,"17,900",0.88,00687C
20260529,6,"20,001-30,000",0,0,0.00,00687C
20260529,7,"30,001-40,000",1,"33,820",1.68,00687C
20260529,8,"40,001-50,000",0,0,0.00,00687C
20260529,9,"50,001-100,000",0,0,0.00,00687C
20260529,10,"100,001-200,000",1,"111,282",5.53,00687C
20260529,11,"200,001-400,000",0,0,0.00,00687C
20260529,12,"400,001-600,000",0,0,0.00,00687C
20260529,13,"600,001-800,000",0,0,0.00,00687C
20260529,14,"800,001-1,000,000",0,0,0.00,00687C
20260529,15,"1,000,001以上",1,"1,819,400",90.41,00687C
20260529,16,合　計,16,"2,012,268",100.00,00687C
20260522,1,1-999,7,"2,200",0.10,00687C
20260522,2,"1,000-5,000",1,"1,500",0.07,00687C
20260522,3,"5,001-10,000",4,"27,166",1.35,00687C
20260522,4,"10,001-15,000",0,0,0.00,00687C
20260522,5,"15,001-20,000",1,"17,900",0.88,00687C
20260522,6,"20,001-30,000",0,0,0.00,00687C
20260522,7,"30,001-40,000",1,"34,920",1.73,00687C
20260522,8,"40,001-50,000",0,0,0.00,00687C
20260522,9,"50,001-100,000",0,0,0.00,00687C
20260522,10,"100,001-200,000",1,"109,182",5.42,00687C
20260522,11,"200,001-400,000",0,0,0.00,00687C
20260522,12,"400,001-600,000",0,0,0.00,00687C
20260522,13,"600,001-800,000",0,0,0.00,00687C
20260522,14,"800,001-1,000,000",0,0,0.00,00687C
20260522,15,"1,000,001以上",1,"1,819,400",90.41,00687C
20260522,16,合　計,16,"2,012,268",100.00,00687C
20260515,1,1-999,7,"2,200",0.10,00687C
20260515,2,"1,000-5,000",2,"6,500",0.32,00687C
20260515,3,"5,001-10,000",3,"21,166",1.05,00687C
20260515,4,"10,001-15,000",0,0,0.00,00687C
20260515,5,"15,001-20,000",1,"17,900",0.88,00687C
20260515,6,"20,001-30,000",0,0,0.00,00687C
20260515,7,"30,001-40,000",1,"35,920",1.78,00687C
20260515,8,"40,001-50,000",0,0,0.00,00687C
20260515,9,"50,001-100,000",0,0,0.00,00687C
20260515,10,"100,001-200,000",1,"109,182",5.42,00687C
20260515,11,"200,001-400,000",0,0,0.00,00687C
20260515,12,"400,001-600,000",0,0,0.00,00687C
20260515,13,"600,001-800,000",0,0,0.00,00687C
20260515,14,"800,001-1,000,000",0,0,0.00,00687C
20260515,15,"1,000,001以上",1,"1,819,400",90.41,00687C
20260515,16,合　計,16,"2,012,268",100.00,00687C
20260508,1,1-999,7,"2,200",0.10,00687C
20260508,2,"1,000-5,000",2,"6,500",0.32,00687C
20260508,3,"5,001-10,000",3,"21,166",1.05,00687C
20260508,4,"10,001-15,000",0,0,0.00,00687C
20260508,5,"15,001-20,000",1,"17,900",0.88,00687C
20260508,6,"20,001-30,000",0,0,0.00,00687C
20260508,7,"30,001-40,000",1,"33,420",1.66,00687C
20260508,8,"40,001-50,000",0,0,0.00,00687C
20260508,9,"50,001-100,000",0,0,0.00,00687C
20260508,10,"100,001-200,000",1,"111,682",5.55,00687C
20260508,11,"200,001-400,000",0,0,0.00,00687C
20260508,12,"400,001-600,000",0,0,0.00,00687C
20260508,13,"600,001-800,000",0,0,0.00,00687C
20260508,14,"800,001-1,000,000",0,0,0.00,00687C
20260508,15,"1,000,001以上",1,"1,819,400",90.41,00687C
20260508,16,合　計,16,"2,012,268",100.00,00687C
20260430,1,1-999,8,"2,300",0.11,00687C
20260430,2,"1,000-5,000",2,"5,500",0.27,00687C
20260430,3,"5,001-10,000",3,"21,266",1.05,00687C
20260430,4,"10,001-15,000",0,0,0.00,00687C
20260430,5,"15,001-20,000",1,"17,900",0.88,00687C
20260430,6,"20,001-30,000",0,0,0.00,00687C
20260430,7,"30,001-40,000",1,"32,320",1.60,00687C
20260430,8,"40,001-50,000",0,0,0.00,00687C
20260430,9,"50,001-100,000",0,0,0.00,00687C
20260430,10,"100,001-200,000",1,"113,582",5.64,00687C
20260430,11,"200,001-400,000",0,0,0.00,00687C
20260430,12,"400,001-600,000",0,0,0.00,00687C
20260430,13,"600,001-800,000",0,0,0.00,00687C
20260430,14,"800,001-1,000,000",0,0,0.00,00687C
20260430,15,"1,000,001以上",1,"1,819,400",90.41,00687C
20260430,16,合　計,17,"2,012,268",100.00,00687C
20260424,1,1-999,8,"2,300",0.11,00687C
20260424,2,"1,000-5,000",2,"5,500",0.27,00687C
20260424,3,"5,001-10,000",3,"21,266",1.05,00687C
20260424,4,"10,001-15,000",0,0,0.00,00687C
20260424,5,"15,001-20,000",1,"17,900",0.88,00687C
20260424,6,"20,001-30,000",0,0,0.00,00687C
20260424,7,"30,001-40,000",1,"31,820",1.58,00687C
20260424,8,"40,001-50,000",0,0,0.00,00687C
20260424,9,"50,001-100,000",0,0,0.00,00687C
20260424,10,"100,001-200,000",1,"114,082",5.66,00687C
20260424,11,"200,001-400,000",0,0,0.00,00687C
20260424,12,"400,001-600,000",0,0,0.00,00687C
20260424,13,"600,001-800,000",0,0,0.00,00687C
20260424,14,"800,001-1,000,000",0,0,0.00,00687C
20260424,15,"1,000,001以上",1,"1,819,400",90.41,00687C
20260424,16,合　計,17,"2,012,268",100.00,00687C
20260417,1,1-999,8,"2,300",0.11,00687C
20260417,2,"1,000-5,000",2,"5,500",0.27,00687C
20260417,3,"5,001-10,000",3,"21,766",1.08,00687C
20260417,4,"10,001-15,000",0,0,0.00,00687C
20260417,5,"15,001-20,000",1,"17,900",0.88,00687C
20260417,6,"20,001-30,000",0,0,0.00,00687C
20260417,7,"30,001-40,000",1,"31,320",1.55,00687C
20260417,8,"40,001-50,000",0,0,0.00,00687C
20260417,9,"50,001-100,000",0,0,0.00,00687C
20260417,10,"100,001-200,000",1,"114,082",5.66,00687C
20260417,11,"200,001-400,000",0,0,0.00,00687C
20260417,12,"400,001-600,000",0,0,0.00,00687C
20260417,13,"600,001-800,000",0,0,0.00,00687C
20260417,14,"800,001-1,000,000",0,0,0.00,00687C
20260417,15,"1,000,001以上",1,"1,819,400",90.41,00687C
20260417,16,合　計,17,"2,012,268",100.00,00687C
20260410,1,1-999,8,"2,300",0.11,00687C
20260410,2,"1,000-5,000",2,"5,500",0.27,00687C
20260410,3,"5,001-10,000",3,"21,366",1.06,00687C
20260410,4,"10,001-15,000",0,0,0.00,00687C
20260410,5,"15,001-20,000",1,"17,900",0.88,00687C
20260410,6,"20,001-30,000",0,0,0.00,00687C
20260410,7,"30,001-40,000",1,"31,820",1.58,00687C
20260410,8,"40,001-50,000",0,0,0.00,00687C
20260410,9,"50,001-100,000",0,0,0.00,00687C
20260410,10,"100,001-200,000",1,"113,982",5.66,00687C
20260410,11,"200,001-400,000",0,0,0.00,00687C
20260410,12,"400,001-600,000",0,0,0.00,00687C
20260410,13,"600,001-800,000",0,0,0.00,00687C
20260410,14,"800,001-1,000,000",0,0,0.00,00687C
20260410,15,"1,000,001以上",1,"1,819,400",90.41,00687C
20260410,16,合　計,17,"2,012,268",100.00,00687C
20260402,1,1-999,8,"2,300",0.11,00687C
20260402,2,"1,000-5,000",2,"5,500",0.27,00687C
20260402,3,"5,001-10,000",3,"20,966",1.04,00687C
20260402,4,"10,001-15,000",0,0,0.00,00687C
20260402,5,"15,001-20,000",1,"17,900",0.88,00687C
20260402,6,"20,001-30,000",0,0,0.00,00687C
20260402,7,"30,001-40,000",1,"32,420",1.61,00687C
20260402,8,"40,001-50,000",0,0,0.00,00687C
20260402,9,"50,001-100,000",0,0,0.00,00687C
20260402,10,"100,001-200,000",1,"113,782",5.65,00687C
20260402,11,"200,001-400,000",0,0,0.00,00687C
20260402,12,"400,001-600,000",0,0,0.00,00687C
20260402,13,"600,001-800,000",0,0,0.00,00687C
20260402,14,"800,001-1,000,000",0,0,0.00,00687C
20260402,15,"1,000,001以上",1,"1,819,400",90.41,00687C
20260402,16,合　計,17,"2,012,268",100.00,00687C
20260327,1,1-999,9,"3,100",0.15,00687C
20260327,2,"1,000-5,000",2,"5,500",0.27,00687C
20260327,3,"5,001-10,000",3,"21,366",1.06,00687C
20260327,4,"10,001-15,000",0,0,0.00,00687C
20260327,5,"15,001-20,000",1,"17,900",0.88,00687C
20260327,6,"20,001-30,000",0,0,0.00,00687C
20260327,7,"30,001-40,000",1,"31,420",1.56,00687C
20260327,8,"40,001-50,000",0,0,0.00,00687C
20260327,9,"50,001-100,000",0,0,0.00,00687C
20260327,10,"100,001-200,000",1,"113,582",5.64,00687C
20260327,11,"200,001-400,000",0,0,0.00,00687C
20260327,12,"400,001-600,000",0,0,0.00,00687C
20260327,13,"600,001-800,000",0,0,0.00,00687C
20260327,14,"800,001-1,000,000",0,0,0.00,00687C
20260327,15,"1,000,001以上",1,"1,819,400",90.41,00687C
20260327,16,合　計,18,"2,012,268",100.00,00687C
20260320,1,1-999,9,"3,100",0.15,00687C
20260320,2,"1,000-5,000",2,"4,500",0.22,00687C
20260320,3,"5,001-10,000",3,"21,966",1.09,00687C
20260320,4,"10,001-15,000",0,0,0.00,00687C
20260320,5,"15,001-20,000",1,"17,900",0.88,00687C
20260320,6,"20,001-30,000",0,0,0.00,00687C
20260320,7,"30,001-40,000",1,"31,720",1.57,00687C
20260320,8,"40,001-50,000",0,0,0.00,00687C
20260320,9,"50,001-100,000",0,0,0.00,00687C
20260320,10,"100,001-200,000",1,"113,682",5.64,00687C
20260320,11,"200,001-400,000",0,0,0.00,00687C
20260320,12,"400,001-600,000",0,0,0.00,00687C
20260320,13,"600,001-800,000",0,0,0.00,00687C
20260320,14,"800,001-1,000,000",0,0,0.00,00687C
20260320,15,"1,000,001以上",1,"1,819,400",90.41,00687C
20260320,16,合　計,18,"2,012,268",100.00,00687C
20260313,1,1-999,10,"3,200",0.15,00687C
20260313,2,"1,000-5,000",2,"3,500",0.17,00687C
20260313,3,"5,001-10,000",3,"21,766",1.08,00687C
20260313,4,"10,001-15,000",0,0,0.00,00687C
20260313,5,"15,001-20,000",1,"17,900",0.88,00687C
20260313,6,"20,001-30,000",0,0,0.00,00687C
20260313,7,"30,001-40,000",1,"32,820",1.63,00687C
20260313,8,"40,001-50,000",0,0,0.00,00687C
20260313,9,"50,001-100,000",0,0,0.00,00687C
20260313,10,"100,001-200,000",1,"113,682",5.64,00687C
20260313,11,"200,001-400,000",0,0,0.00,00687C
20260313,12,"400,001-600,000",0,0,0.00,00687C
20260313,13,"600,001-800,000",0,0,0.00,00687C
20260313,14,"800,001-1,000,000",0,0,0.00,00687C
20260313,15,"1,000,001以上",1,"1,819,400",90.41,00687C
20260313,16,合　計,19,"2,012,268",100.00,00687C
20260306,1,1-999,12,"3,400",0.16,00687C
20260306,2,"1,000-5,000",2,"3,500",0.17,00687C
20260306,3,"5,001-10,000",3,"21,966",1.09,00687C
20260306,4,"10,001-15,000",0,0,0.00,00687C
20260306,5,"15,001-20,000",1,"17,900",0.88,00687C
20260306,6,"20,001-30,000",0,0,0.00,00687C
20260306,7,"30,001-40,000",1,"32,320",1.60,00687C
20260306,8,"40,001-50,000",0,0,0.00,00687C
20260306,9,"50,001-100,000",0,0,0.00,00687C
20260306,10,"100,001-200,000",1,"113,782",5.65,00687C
20260306,11,"200,001-400,000",0,0,0.00,00687C
20260306,12,"400,001-600,000",0,0,0.00,00687C
20260306,13,"600,001-800,000",0,0,0.00,00687C
20260306,14,"800,001-1,000,000",0,0,0.00,00687C
20260306,15,"1,000,001以上",1,"1,819,400",90.41,00687C
20260306,16,合　計,21,"2,012,268",100.00,00687C
20260226,1,1-999,10,"3,200",0.15,00687C
20260226,2,"1,000-5,000",2,"3,500",0.17,00687C
20260226,3,"5,001-10,000",3,"21,666",1.07,00687C
20260226,4,"10,001-15,000",0,0,0.00,00687C
20260226,5,"15,001-20,000",1,"17,900",0.88,00687C
20260226,6,"20,001-30,000",0,0,0.00,00687C
20260226,7,"30,001-40,000",1,"33,020",1.64,00687C
20260226,8,"40,001-50,000",0,0,0.00,00687C
20260226,9,"50,001-100,000",0,0,0.00,00687C
20260226,10,"100,001-200,000",1,"113,582",5.64,00687C
20260226,11,"200,001-400,000",0,0,0.00,00687C
20260226,12,"400,001-600,000",0,0,0.00,00687C
20260226,13,"600,001-800,000",0,0,0.00,00687C
20260226,14,"800,001-1,000,000",0,0,0.00,00687C
20260226,15,"1,000,001以上",1,"1,819,400",90.41,00687C
20260226,16,合　計,19,"2,012,268",100.00,00687C
20260213,1,1-999,10,"3,200",0.15,00687C
20260213,2,"1,000-5,000",2,"4,500",0.22,00687C
20260213,3,"5,001-10,000",3,"21,866",1.08,00687C
20260213,4,"10,001-15,000",0,0,0.00,00687C
20260213,5,"15,001-20,000",1,"17,900",0.88,00687C
20260213,6,"20,001-30,000",0,0,0.00,00687C
20260213,7,"30,001-40,000",1,"31,820",1.58,00687C
20260213,8,"40,001-50,000",0,0,0.00,00687C
20260213,9,"50,001-100,000",0,0,0.00,00687C
20260213,10,"100,001-200,000",1,"113,582",5.64,00687C
20260213,11,"200,001-400,000",0,0,0.00,00687C
20260213,12,"400,001-600,000",0,0,0.00,00687C
20260213,13,"600,001-800,000",0,0,0.00,00687C
20260213,14,"800,001-1,000,000",0,0,0.00,00687C
20260213,15,"1,000,001以上",1,"1,819,400",90.41,00687C
20260213,16,合　計,19,"2,012,268",100.00,00687C
20260206,1,1-999,12,"3,500",0.17,00687C
20260206,2,"1,000-5,000",2,"4,500",0.22,00687C
20260206,3,"5,001-10,000",3,"21,666",1.07,00687C
20260206,4,"10,001-15,000",0,0,0.00,00687C
20260206,5,"15,001-20,000",1,"17,900",0.88,00687C
20260206,6,"20,001-30,000",0,0,0.00,00687C
20260206,7,"30,001-40,000",1,"31,820",1.58,00687C
20260206,8,"40,001-50,000",0,0,0.00,00687C
20260206,9,"50,001-100,000",0,0,0.00,00687C
20260206,10,"100,001-200,000",1,"113,482",5.63,00687C
20260206,11,"200,001-400,000",0,0,0.00,00687C
20260206,12,"400,001-600,000",0,0,0.00,00687C
20260206,13,"600,001-800,000",0,0,0.00,00687C
20260206,14,"800,001-1,000,000",0,0,0.00,00687C
20260206,15,"1,000,001以上",1,"1,819,400",90.41,00687C
20260206,16,合　計,21,"2,012,268",100.00,00687C
20260130,1,1-999,11,"3,400",0.16,00687C
20260130,2,"1,000-5,000",2,"4,500",0.22,00687C
20260130,3,"5,001-10,000",3,"22,466",1.11,00687C
20260130,4,"10,001-15,000",0,0,0.00,00687C
20260130,5,"15,001-20,000",1,"17,900",0.88,00687C
20260130,6,"20,001-30,000",0,0,0.00,00687C
20260130,7,"30,001-40,000",1,"31,820",1.58,00687C
20260130,8,"40,001-50,000",0,0,0.00,00687C
20260130,9,"50,001-100,000",0,0,0.00,00687C
20260130,10,"100,001-200,000",1,"112,782",5.60,00687C
20260130,11,"200,001-400,000",0,0,0.00,00687C
20260130,12,"400,001-600,000",0,0,0.00,00687C
20260130,13,"600,001-800,000",0,0,0.00,00687C
20260130,14,"800,001-1,000,000",0,0,0.00,00687C
20260130,15,"1,000,001以上",1,"1,819,400",90.41,00687C
20260130,16,合　計,20,"2,012,268",100.00,00687C
20260123,1,1-999,10,"3,200",0.15,00687C
20260123,2,"1,000-5,000",2,"4,500",0.22,00687C
20260123,3,"5,001-10,000",3,"22,266",1.10,00687C
20260123,4,"10,001-15,000",0,0,0.00,00687C
20260123,5,"15,001-20,000",1,"17,900",0.88,00687C
20260123,6,"20,001-30,000",0,0,0.00,00687C
20260123,7,"30,001-40,000",0,0,0.00,00687C
20260123,8,"40,001-50,000",1,"43,120",2.14,00687C
20260123,9,"50,001-100,000",0,0,0.00,00687C
20260123,10,"100,001-200,000",1,"101,882",5.06,00687C
20260123,11,"200,001-400,000",0,0,0.00,00687C
20260123,12,"400,001-600,000",0,0,0.00,00687C
20260123,13,"600,001-800,000",0,0,0.00,00687C
20260123,14,"800,001-1,000,000",0,0,0.00,00687C
20260123,15,"1,000,001以上",1,"1,819,400",90.41,00687C
20260123,16,合　計,19,"2,012,268",100.00,00687C
20260116,1,1-999,11,"3,700",0.16,00687C
20260116,2,"1,000-5,000",2,"4,500",0.20,00687C
20260116,3,"5,001-10,000",3,"22,466",1.01,00687C
20260116,4,"10,001-15,000",0,0,0.00,00687C
20260116,5,"15,001-20,000",1,"17,900",0.80,00687C
20260116,6,"20,001-30,000",0,0,0.00,00687C
20260116,7,"30,001-40,000",0,0,0.00,00687C
20260116,8,"40,001-50,000",0,0,0.00,00687C
20260116,9,"50,001-100,000",0,0,0.00,00687C
20260116,10,"100,001-200,000",1,"100,382",4.53,00687C
20260116,11,"200,001-400,000",1,"243,920",11.02,00687C
20260116,12,"400,001-600,000",0,0,0.00,00687C
20260116,13,"600,001-800,000",0,0,0.00,00687C
20260116,14,"800,001-1,000,000",0,0,0.00,00687C
20260116,15,"1,000,001以上",1,"1,819,400",82.24,00687C
20260116,16,合　計,20,"2,212,268",100.00,00687C
20260109,1,1-999,12,"3,800",0.17,00687C
20260109,2,"1,000-5,000",2,"4,500",0.20,00687C
20260109,3,"5,001-10,000",3,"22,266",1.00,00687C
20260109,4,"10,001-15,000",0,0,0.00,00687C
20260109,5,"15,001-20,000",1,"17,900",0.80,00687C
20260109,6,"20,001-30,000",0,0,0.00,00687C
20260109,7,"30,001-40,000",0,0,0.00,00687C
20260109,8,"40,001-50,000",0,0,0.00,00687C
20260109,9,"50,001-100,000",1,"99,882",4.51,00687C
20260109,10,"100,001-200,000",0,0,0.00,00687C
20260109,11,"200,001-400,000",1,"244,520",11.05,00687C
20260109,12,"400,001-600,000",0,0,0.00,00687C
20260109,13,"600,001-800,000",0,0,0.00,00687C
20260109,14,"800,001-1,000,000",0,0,0.00,00687C
20260109,15,"1,000,001以上",1,"1,819,400",82.24,00687C
20260109,16,合　計,21,"2,212,268",100.00,00687C
20260102,1,1-999,12,"3,800",0.16,00687C
20260102,2,"1,000-5,000",2,"4,500",0.20,00687C
20260102,3,"5,001-10,000",3,"21,466",0.95,00687C
20260102,4,"10,001-15,000",0,0,0.00,00687C
20260102,5,"15,001-20,000",1,"17,900",0.79,00687C
20260102,6,"20,001-30,000",0,0,0.00,00687C
20260102,7,"30,001-40,000",0,0,0.00,00687C
20260102,8,"40,001-50,000",0,0,0.00,00687C
20260102,9,"50,001-100,000",0,0,0.00,00687C
20260102,10,"100,001-200,000",1,"117,582",5.24,00687C
20260102,11,"200,001-400,000",1,"257,620",11.48,00687C
20260102,12,"400,001-600,000",0,0,0.00,00687C
20260102,13,"600,001-800,000",0,0,0.00,00687C
20260102,14,"800,001-1,000,000",0,0,0.00,00687C
20260102,15,"1,000,001以上",1,"1,819,400",81.14,00687C
20260102,16,合　計,21,"2,242,268",100.00,00687C
20251226,1,1-999,12,"3,800",0.16,00687C
20251226,2,"1,000-5,000",2,"4,500",0.20,00687C
20251226,3,"5,001-10,000",3,"20,966",0.93,00687C
20251226,4,"10,001-15,000",0,0,0.00,00687C
20251226,5,"15,001-20,000",1,"17,900",0.79,00687C
20251226,6,"20,001-30,000",0,0,0.00,00687C
20251226,7,"30,001-40,000",0,0,0.00,00687C
20251226,8,"40,001-50,000",0,0,0.00,00687C
20251226,9,"50,001-100,000",0,0,0.00,00687C
20251226,10,"100,001-200,000",1,"106,882",4.76,00687C
20251226,11,"200,001-400,000",1,"268,820",11.98,00687C
20251226,12,"400,001-600,000",0,0,0.00,00687C
20251226,13,"600,001-800,000",0,0,0.00,00687C
20251226,14,"800,001-1,000,000",0,0,0.00,00687C
20251226,15,"1,000,001以上",1,"1,819,400",81.14,00687C
20251226,16,合　計,21,"2,242,268",100.00,00687C
20251219,1,1-999,12,"3,800",0.16,00687C
20251219,2,"1,000-5,000",2,"4,500",0.20,00687C
20251219,3,"5,001-10,000",3,"20,966",0.93,00687C
20251219,4,"10,001-15,000",0,0,0.00,00687C
20251219,5,"15,001-20,000",1,"17,900",0.79,00687C
20251219,6,"20,001-30,000",0,0,0.00,00687C
20251219,7,"30,001-40,000",0,0,0.00,00687C
20251219,8,"40,001-50,000",0,0,0.00,00687C
20251219,9,"50,001-100,000",0,0,0.00,00687C
20251219,10,"100,001-200,000",1,"106,482",4.74,00687C
20251219,11,"200,001-400,000",1,"269,220",12.00,00687C
20251219,12,"400,001-600,000",0,0,0.00,00687C
20251219,13,"600,001-800,000",0,0,0.00,00687C
20251219,14,"800,001-1,000,000",0,0,0.00,00687C
20251219,15,"1,000,001以上",1,"1,819,400",81.14,00687C
20251219,16,合　計,21,"2,242,268",100.00,00687C
20251212,1,1-999,12,"3,800",0.17,00687C
20251212,2,"1,000-5,000",2,"3,500",0.15,00687C
20251212,3,"5,001-10,000",3,"19,966",0.89,00687C
20251212,4,"10,001-15,000",0,0,0.00,00687C
20251212,5,"15,001-20,000",1,"17,900",0.80,00687C
20251212,6,"20,001-30,000",0,0,0.00,00687C
20251212,7,"30,001-40,000",0,0,0.00,00687C
20251212,8,"40,001-50,000",0,0,0.00,00687C
20251212,9,"50,001-100,000",0,0,0.00,00687C
20251212,10,"100,001-200,000",1,"137,382",6.18,00687C
20251212,11,"200,001-400,000",1,"220,320",9.91,00687C
20251212,12,"400,001-600,000",0,0,0.00,00687C
20251212,13,"600,001-800,000",0,0,0.00,00687C
20251212,14,"800,001-1,000,000",0,0,0.00,00687C
20251212,15,"1,000,001以上",1,"1,819,400",81.87,00687C
20251212,16,合　計,21,"2,222,268",100.00,00687C
20251205,1,1-999,12,"3,800",0.17,00687C
20251205,2,"1,000-5,000",2,"2,500",0.11,00687C
20251205,3,"5,001-10,000",3,"19,366",0.87,00687C
20251205,4,"10,001-15,000",0,0,0.00,00687C
20251205,5,"15,001-20,000",1,"17,900",0.80,00687C
20251205,6,"20,001-30,000",0,0,0.00,00687C
20251205,7,"30,001-40,000",0,0,0.00,00687C
20251205,8,"40,001-50,000",0,0,0.00,00687C
20251205,9,"50,001-100,000",0,0,0.00,00687C
20251205,10,"100,001-200,000",1,"138,482",6.23,00687C
20251205,11,"200,001-400,000",1,"220,820",9.93,00687C
20251205,12,"400,001-600,000",0,0,0.00,00687C
20251205,13,"600,001-800,000",0,0,0.00,00687C
20251205,14,"800,001-1,000,000",0,0,0.00,00687C
20251205,15,"1,000,001以上",1,"1,819,400",81.87,00687C
20251205,16,合　計,21,"2,222,268",100.00,00687C
20251128,1,1-999,12,"3,700",0.16,00687C
20251128,2,"1,000-5,000",1,"1,500",0.06,00687C
20251128,3,"5,001-10,000",3,"19,766",0.88,00687C
20251128,4,"10,001-15,000",0,0,0.00,00687C
20251128,5,"15,001-20,000",1,"17,900",0.80,00687C
20251128,6,"20,001-30,000",0,0,0.00,00687C
20251128,7,"30,001-40,000",0,0,0.00,00687C
20251128,8,"40,001-50,000",0,0,0.00,00687C
20251128,9,"50,001-100,000",0,0,0.00,00687C
20251128,10,"100,001-200,000",1,"138,782",6.24,00687C
20251128,11,"200,001-400,000",1,"221,220",9.95,00687C
20251128,12,"400,001-600,000",0,0,0.00,00687C
20251128,13,"600,001-800,000",0,0,0.00,00687C
20251128,14,"800,001-1,000,000",0,0,0.00,00687C
20251128,15,"1,000,001以上",1,"1,819,400",81.87,00687C
20251128,16,合　計,20,"2,222,268",100.00,00687C
20251121,1,1-999,13,"3,799",0.17,00687C
20251121,2,"1,000-5,000",1,"1,500",0.06,00687C
20251121,3,"5,001-10,000",3,"19,766",0.88,00687C
20251121,4,"10,001-15,000",0,0,0.00,00687C
20251121,5,"15,001-20,000",1,"17,900",0.80,00687C
20251121,6,"20,001-30,000",0,0,0.00,00687C
20251121,7,"30,001-40,000",0,0,0.00,00687C
20251121,8,"40,001-50,000",0,0,0.00,00687C
20251121,9,"50,001-100,000",0,0,0.00,00687C
20251121,10,"100,001-200,000",1,"138,982",6.25,00687C
20251121,11,"200,001-400,000",1,"220,921",9.94,00687C
20251121,12,"400,001-600,000",0,0,0.00,00687C
20251121,13,"600,001-800,000",0,0,0.00,00687C
20251121,14,"800,001-1,000,000",0,0,0.00,00687C
20251121,15,"1,000,001以上",1,"1,819,400",81.87,00687C
20251121,16,合　計,21,"2,222,268",100.00,00687C
20251114,1,1-999,14,"3,999",0.17,00687C
20251114,2,"1,000-5,000",1,"1,500",0.06,00687C
20251114,3,"5,001-10,000",3,"18,966",0.85,00687C
20251114,4,"10,001-15,000",0,0,0.00,00687C
20251114,5,"15,001-20,000",1,"17,900",0.80,00687C
20251114,6,"20,001-30,000",0,0,0.00,00687C
20251114,7,"30,001-40,000",0,0,0.00,00687C
20251114,8,"40,001-50,000",0,0,0.00,00687C
20251114,9,"50,001-100,000",0,0,0.00,00687C
20251114,10,"100,001-200,000",1,"139,682",6.28,00687C
20251114,11,"200,001-400,000",1,"220,821",9.93,00687C
20251114,12,"400,001-600,000",0,0,0.00,00687C
20251114,13,"600,001-800,000",0,0,0.00,00687C
20251114,14,"800,001-1,000,000",0,0,0.00,00687C
20251114,15,"1,000,001以上",1,"1,819,400",81.87,00687C
20251114,16,合　計,22,"2,222,268",100.00,00687C
20251107,1,1-999,12,"3,699",0.16,00687C
20251107,2,"1,000-5,000",1,"1,500",0.06,00687C
20251107,3,"5,001-10,000",3,"18,966",0.85,00687C
20251107,4,"10,001-15,000",0,0,0.00,00687C
20251107,5,"15,001-20,000",1,"17,900",0.80,00687C
20251107,6,"20,001-30,000",0,0,0.00,00687C
20251107,7,"30,001-40,000",0,0,0.00,00687C
20251107,8,"40,001-50,000",0,0,0.00,00687C
20251107,9,"50,001-100,000",0,0,0.00,00687C
20251107,10,"100,001-200,000",1,"139,682",6.28,00687C
20251107,11,"200,001-400,000",1,"221,121",9.95,00687C
20251107,12,"400,001-600,000",0,0,0.00,00687C
20251107,13,"600,001-800,000",0,0,0.00,00687C
20251107,14,"800,001-1,000,000",0,0,0.00,00687C
20251107,15,"1,000,001以上",1,"1,819,400",81.87,00687C
20251107,16,合　計,20,"2,222,268",100.00,00687C
20251031,1,1-999,12,"3,699",0.16,00687C
20251031,2,"1,000-5,000",2,"6,400",0.28,00687C
20251031,3,"5,001-10,000",2,"13,466",0.60,00687C
20251031,4,"10,001-15,000",0,0,0.00,00687C
20251031,5,"15,001-20,000",1,"17,900",0.80,00687C
20251031,6,"20,001-30,000",0,0,0.00,00687C
20251031,7,"30,001-40,000",0,0,0.00,00687C
20251031,8,"40,001-50,000",0,0,0.00,00687C
20251031,9,"50,001-100,000",0,0,0.00,00687C
20251031,10,"100,001-200,000",1,"129,482",5.82,00687C
20251031,11,"200,001-400,000",1,"231,921",10.43,00687C
20251031,12,"400,001-600,000",0,0,0.00,00687C
20251031,13,"600,001-800,000",0,0,0.00,00687C
20251031,14,"800,001-1,000,000",0,0,0.00,00687C
20251031,15,"1,000,001以上",1,"1,819,400",81.87,00687C
20251031,16,合　計,20,"2,222,268",100.00,00687C
20251023,1,1-999,12,"3,699",0.16,00687C
20251023,2,"1,000-5,000",2,"6,400",0.28,00687C
20251023,3,"5,001-10,000",2,"13,366",0.60,00687C
20251023,4,"10,001-15,000",0,0,0.00,00687C
20251023,5,"15,001-20,000",1,"17,900",0.80,00687C
20251023,6,"20,001-30,000",0,0,0.00,00687C
20251023,7,"30,001-40,000",0,0,0.00,00687C
20251023,8,"40,001-50,000",0,0,0.00,00687C
20251023,9,"50,001-100,000",0,0,0.00,00687C
20251023,10,"100,001-200,000",1,"129,682",5.83,00687C
20251023,11,"200,001-400,000",1,"231,821",10.43,00687C
20251023,12,"400,001-600,000",0,0,0.00,00687C
20251023,13,"600,001-800,000",0,0,0.00,00687C
20251023,14,"800,001-1,000,000",0,0,0.00,00687C
20251023,15,"1,000,001以上",1,"1,819,400",81.87,00687C
20251023,16,合　計,20,"2,222,268",100.00,00687C
20251017,1,1-999,12,"3,699",0.16,00687C
20251017,2,"1,000-5,000",2,"5,900",0.26,00687C
20251017,3,"5,001-10,000",2,"12,366",0.55,00687C
20251017,4,"10,001-15,000",0,0,0.00,00687C
20251017,5,"15,001-20,000",1,"17,900",0.80,00687C
20251017,6,"20,001-30,000",0,0,0.00,00687C
20251017,7,"30,001-40,000",0,0,0.00,00687C
20251017,8,"40,001-50,000",0,0,0.00,00687C
20251017,9,"50,001-100,000",0,0,0.00,00687C
20251017,10,"100,001-200,000",1,"130,082",5.85,00687C
20251017,11,"200,001-400,000",1,"232,921",10.48,00687C
20251017,12,"400,001-600,000",0,0,0.00,00687C
20251017,13,"600,001-800,000",0,0,0.00,00687C
20251017,14,"800,001-1,000,000",0,0,0.00,00687C
20251017,15,"1,000,001以上",1,"1,819,400",81.87,00687C
20251017,16,合　計,20,"2,222,268",100.00,00687C
20251009,1,1-999,12,"3,699",0.16,00687C
20251009,2,"1,000-5,000",3,"7,500",0.33,00687C
20251009,3,"5,001-10,000",2,"11,966",0.53,00687C
20251009,4,"10,001-15,000",0,0,0.00,00687C
20251009,5,"15,001-20,000",1,"17,900",0.80,00687C
20251009,6,"20,001-30,000",0,0,0.00,00687C
20251009,7,"30,001-40,000",0,0,0.00,00687C
20251009,8,"40,001-50,000",0,0,0.00,00687C
20251009,9,"50,001-100,000",0,0,0.00,00687C
20251009,10,"100,001-200,000",1,"119,082",5.35,00687C
20251009,11,"200,001-400,000",1,"242,721",10.92,00687C
20251009,12,"400,001-600,000",0,0,0.00,00687C
20251009,13,"600,001-800,000",0,0,0.00,00687C
20251009,14,"800,001-1,000,000",0,0,0.00,00687C
20251009,15,"1,000,001以上",1,"1,819,400",81.87,00687C
20251009,16,合　計,21,"2,222,268",100.00,00687C
20251003,1,1-999,12,"3,699",0.15,00687C
20251003,2,"1,000-5,000",3,"7,000",0.28,00687C
20251003,3,"5,001-10,000",2,"12,166",0.50,00687C
20251003,4,"10,001-15,000",0,0,0.00,00687C
20251003,5,"15,001-20,000",1,"17,900",0.73,00687C
20251003,6,"20,001-30,000",0,0,0.00,00687C
20251003,7,"30,001-40,000",0,0,0.00,00687C
20251003,8,"40,001-50,000",0,0,0.00,00687C
20251003,9,"50,001-100,000",0,0,0.00,00687C
20251003,10,"100,001-200,000",0,0,0.00,00687C
20251003,11,"200,001-400,000",2,"562,103",23.20,00687C
20251003,12,"400,001-600,000",0,0,0.00,00687C
20251003,13,"600,001-800,000",0,0,0.00,00687C
20251003,14,"800,001-1,000,000",0,0,0.00,00687C
20251003,15,"1,000,001以上",1,"1,819,400",75.11,00687C
20251003,16,合　計,21,"2,422,268",100.00,00687C
20250926,1,1-999,12,"3,699",0.14,00687C
20250926,2,"1,000-5,000",3,"7,000",0.28,00687C
20250926,3,"5,001-10,000",2,"12,166",0.49,00687C
20250926,4,"10,001-15,000",1,"11,300",0.45,00687C
20250926,5,"15,001-20,000",1,"17,900",0.72,00687C
20250926,6,"20,001-30,000",0,0,0.00,00687C
20250926,7,"30,001-40,000",0,0,0.00,00687C
20250926,8,"40,001-50,000",0,0,0.00,00687C
20250926,9,"50,001-100,000",0,0,0.00,00687C
20250926,10,"100,001-200,000",0,0,0.00,00687C
20250926,11,"200,001-400,000",2,"600,803",24.30,00687C
20250926,12,"400,001-600,000",0,0,0.00,00687C
20250926,13,"600,001-800,000",0,0,0.00,00687C
20250926,14,"800,001-1,000,000",0,0,0.00,00687C
20250926,15,"1,000,001以上",1,"1,819,400",73.59,00687C
20250926,16,合　計,22,"2,472,268",100.00,00687C
20250919,1,1-999,12,"3,699",0.14,00687C
20250919,2,"1,000-5,000",3,"7,000",0.28,00687C
20250919,3,"5,001-10,000",2,"12,366",0.50,00687C
20250919,4,"10,001-15,000",1,"11,300",0.45,00687C
20250919,5,"15,001-20,000",1,"17,900",0.72,00687C
20250919,6,"20,001-30,000",0,0,0.00,00687C
20250919,7,"30,001-40,000",0,0,0.00,00687C
20250919,8,"40,001-50,000",0,0,0.00,00687C
20250919,9,"50,001-100,000",0,0,0.00,00687C
20250919,10,"100,001-200,000",0,0,0.00,00687C
20250919,11,"200,001-400,000",2,"600,603",24.29,00687C
20250919,12,"400,001-600,000",0,0,0.00,00687C
20250919,13,"600,001-800,000",0,0,0.00,00687C
20250919,14,"800,001-1,000,000",0,0,0.00,00687C
20250919,15,"1,000,001以上",1,"1,819,400",73.59,00687C
20250919,16,合　計,22,"2,472,268",100.00,00687C
20250912,1,1-999,12,"3,699",0.14,00687C
20250912,2,"1,000-5,000",3,"7,000",0.28,00687C
20250912,3,"5,001-10,000",2,"12,366",0.50,00687C
20250912,4,"10,001-15,000",1,"11,300",0.45,00687C
20250912,5,"15,001-20,000",1,"17,900",0.72,00687C
20250912,6,"20,001-30,000",0,0,0.00,00687C
20250912,7,"30,001-40,000",0,0,0.00,00687C
20250912,8,"40,001-50,000",0,0,0.00,00687C
20250912,9,"50,001-100,000",0,0,0.00,00687C
20250912,10,"100,001-200,000",0,0,0.00,00687C
20250912,11,"200,001-400,000",2,"600,603",24.29,00687C
20250912,12,"400,001-600,000",0,0,0.00,00687C
20250912,13,"600,001-800,000",0,0,0.00,00687C
20250912,14,"800,001-1,000,000",0,0,0.00,00687C
20250912,15,"1,000,001以上",1,"1,819,400",73.59,00687C
20250912,16,合　計,22,"2,472,268",100.00,00687C
20250905,1,1-999,13,"3,899",0.14,00687C
20250905,2,"1,000-5,000",3,"6,800",0.24,00687C
20250905,3,"5,001-10,000",2,"12,366",0.44,00687C
20250905,4,"10,001-15,000",1,"11,300",0.40,00687C
20250905,5,"15,001-20,000",1,"17,900",0.64,00687C
20250905,6,"20,001-30,000",0,0,0.00,00687C
20250905,7,"30,001-40,000",0,0,0.00,00687C
20250905,8,"40,001-50,000",0,0,0.00,00687C
20250905,9,"50,001-100,000",0,0,0.00,00687C
20250905,10,"100,001-200,000",0,0,0.00,00687C
20250905,11,"200,001-400,000",1,"378,882",13.66,00687C
20250905,12,"400,001-600,000",1,"521,721",18.81,00687C
20250905,13,"600,001-800,000",0,0,0.00,00687C
20250905,14,"800,001-1,000,000",0,0,0.00,00687C
20250905,15,"1,000,001以上",1,"1,819,400",65.62,00687C
20250905,16,合　計,23,"2,772,268",100.00,00687C
20250829,1,1-999,13,"3,899",0.14,00687C
20250829,2,"1,000-5,000",4,"11,000",0.39,00687C
20250829,3,"5,001-10,000",2,"12,466",0.44,00687C
20250829,4,"10,001-15,000",0,0,0.00,00687C
20250829,5,"15,001-20,000",1,"17,900",0.64,00687C
20250829,6,"20,001-30,000",0,0,0.00,00687C
20250829,7,"30,001-40,000",0,0,0.00,00687C
20250829,8,"40,001-50,000",0,0,0.00,00687C
20250829,9,"50,001-100,000",0,0,0.00,00687C
20250829,10,"100,001-200,000",0,0,0.00,00687C
20250829,11,"200,001-400,000",1,"357,882",12.90,00687C
20250829,12,"400,001-600,000",1,"549,721",19.82,00687C
20250829,13,"600,001-800,000",0,0,0.00,00687C
20250829,14,"800,001-1,000,000",0,0,0.00,00687C
20250829,15,"1,000,001以上",1,"1,819,400",65.62,00687C
20250829,16,合　計,23,"2,772,268",100.00,00687C
20250822,1,1-999,13,"3,899",0.13,00687C
20250822,2,"1,000-5,000",3,"9,600",0.33,00687C
20250822,3,"5,001-10,000",2,"12,866",0.44,00687C
20250822,4,"10,001-15,000",0,0,0.00,00687C
20250822,5,"15,001-20,000",1,"17,900",0.62,00687C
20250822,6,"20,001-30,000",0,0,0.00,00687C
20250822,7,"30,001-40,000",0,0,0.00,00687C
20250822,8,"40,001-50,000",0,0,0.00,00687C
20250822,9,"50,001-100,000",0,0,0.00,00687C
20250822,10,"100,001-200,000",0,0,0.00,00687C
20250822,11,"200,001-400,000",0,0,0.00,00687C
20250822,12,"400,001-600,000",2,"1,008,603",35.11,00687C
20250822,13,"600,001-800,000",0,0,0.00,00687C
20250822,14,"800,001-1,000,000",0,0,0.00,00687C
20250822,15,"1,000,001以上",1,"1,819,400",63.34,00687C
20250822,16,合　計,22,"2,872,268",100.00,00687C
20250815,1,1-999,12,"3,499",0.12,00687C
20250815,2,"1,000-5,000",2,"5,400",0.18,00687C
20250815,3,"5,001-10,000",2,"14,866",0.51,00687C
20250815,4,"10,001-15,000",0,0,0.00,00687C
20250815,5,"15,001-20,000",1,"17,900",0.62,00687C
20250815,6,"20,001-30,000",0,0,0.00,00687C
20250815,7,"30,001-40,000",0,0,0.00,00687C
20250815,8,"40,001-50,000",0,0,0.00,00687C
20250815,9,"50,001-100,000",0,0,0.00,00687C
20250815,10,"100,001-200,000",0,0,0.00,00687C
20250815,11,"200,001-400,000",0,0,0.00,00687C
20250815,12,"400,001-600,000",2,"1,011,203",35.20,00687C
20250815,13,"600,001-800,000",0,0,0.00,00687C
20250815,14,"800,001-1,000,000",0,0,0.00,00687C
20250815,15,"1,000,001以上",1,"1,819,400",63.34,00687C
20250815,16,合　計,20,"2,872,268",100.00,00687C
20250808,1,1-999,12,"3,299",0.11,00687C
20250808,2,"1,000-5,000",2,"5,400",0.18,00687C
20250808,3,"5,001-10,000",1,"6,200",0.21,00687C
20250808,4,"10,001-15,000",0,0,0.00,00687C
20250808,5,"15,001-20,000",1,"17,900",0.62,00687C
20250808,6,"20,001-30,000",1,"26,166",0.91,00687C
20250808,7,"30,001-40,000",0,0,0.00,00687C
20250808,8,"40,001-50,000",0,0,0.00,00687C
20250808,9,"50,001-100,000",0,0,0.00,00687C
20250808,10,"100,001-200,000",0,0,0.00,00687C
20250808,11,"200,001-400,000",0,0,0.00,00687C
20250808,12,"400,001-600,000",2,"993,903",34.60,00687C
20250808,13,"600,001-800,000",0,0,0.00,00687C
20250808,14,"800,001-1,000,000",0,0,0.00,00687C
20250808,15,"1,000,001以上",1,"1,819,400",63.34,00687C
20250808,16,合　計,20,"2,872,268",100.00,00687C
